"cell","x","y","query.cluster","match.cell2cluster","rmax.cell2cluster","subclass","broad_class"
"2",13107.0389729132,7263.14650852598,"query.iter3_cl6","cl156_e35_Gpr139_L6_CT",0.7807109869595,"L6 PT","Ex"
"4",12890.3446636428,7560.74293949012,"query.iter3_cl6","cl156_e35_Gpr139_L6_CT",0.7807109869595,"L6 PT","Ex"
"8",790.713332831734,11995.3023721535,"query.iter3_cl0","cl1_e421_Cst3_L4",0.792276351763248,"L4","Ex"
"12",13418.676828425,17893.9610847555,"query.iter3_cl1","cl6_e204_Exosc4_L23_IT",0.926350430688662,"L2/3 IT","Ex"
"20",14344.7932195939,9494.04509876828,"query.iter3_cl4","cl69_e70_Depdc7_L5_PT",0.5,"L5 PT","Ex"
"26",7272.50304978406,10286.4817196287,"query.iter2_cl2","cl1005_i24_Pcdhb20_Sst",0.761126095049772,"Sst","Inh"
"31",9392.66080741509,17541.2696549207,"query.iter3_cl1","cl111_e48_Zar1l_L23_IT",0.939332374820759,"L2/3 IT","Ex"
"33",9235.08393759635,15107.969690166,"query.iter3_cl1","cl197_e24_Cfap54_L23_IT",0.989931624224827,"L2/3 IT","Ex"
"38",16678.8909440758,10722.9169634425,"query.iter3_cl5","cl148_e36_Mmel1_L4",0.989931624224827,"L4","Ex"
"39",12492.5541386437,13810.7916118949,"query.iter3_cl0","cl186_e26_Zfp882_L4",0.770396341622423,"L4","Ex"
"42",15273.2431568446,17104.4490935782,"query.iter3_cl1","cl226_e21_TrnL1_L23_IT",0.926350430688662,"L2/3 IT","Ex"
"44",15415.3537380314,10405.791457976,"query.iter2_cl1","cl188_i26_Cgn_Pvalb",0.922175654415973,"Pvalb","Inh"
"45",6244.04635950058,9575.29139181814,"query.iter3_cl4","cl69_e70_Depdc7_L5_PT",0.985136408346973,"L5 PT","Ex"
"50",8217.03813902593,7184.42193776064,"query.iter3_cl6","cl156_e35_Gpr139_L6_CT",0.934933159155966,"L6 PT","Ex"
"54",465.92387206624,13752.8406819897,"query.iter3_cl0","cl94_e57_Cyp39a1_L4",0.985136408346973,"L4","Ex"
"61",16269.3614786705,12987.3644209321,"query.iter2_cl1","cl135_i42_Ostn_Pvalb",0.82030161458974,"Pvalb","Inh"
"64",11025.0948118128,14398.8626870499,"query.iter3_cl1","cl111_e48_Zar1l_L23_IT",0.934933159155966,"L2/3 IT","Ex"
"66",10695.5312312968,10648.45738839,"query.iter2_cl1","cl49_i90_Gpr149_Pvalb",0.939332374820759,"Pvalb","Inh"
"70",12365.7152653026,9476.95468507774,"query.iter3_cl4","cl69_e70_Depdc7_L5_PT",0.7807109869595,"L5 PT","Ex"
"73",11982.9004001616,17011.7157923232,"query.iter3_cl1","cl111_e48_Zar1l_L23_IT",0.983405469893637,"L2/3 IT","Ex"
"74",9141.25119726734,16693.9753045438,"query.iter3_cl1","cl6_e204_Exosc4_L23_IT",0.837563951116237,"L2/3 IT","Ex"
"77",6626.36351910383,9560.4072245718,"query.iter3_cl4","cl69_e70_Depdc7_L5_PT",0.775411399194855,"L5 PT","Ex"
"80",10181.8307192288,14659.8668074058,"query.iter2_cl1","cl135_i42_Ostn_Pvalb",0.939332374820759,"Pvalb","Inh"
"84",14757.4393548639,17056.3388017353,"query.iter2_cl3","cl63_i73_Tac2_Vip",0.761126095049772,"Vip","Inh"
"87",14498.2459579139,13438.1265760975,"query.iter3_cl0","cl108_e49_NA_L4",0.5,"L4","Ex"
"88",12873.1155310742,17286.8037155726,"query.iter3_cl1","cl102_e53_Tmem74b_L23_IT",0.837563951116237,"L2/3 IT","Ex"
"91",13508.9420715386,17515.1452225072,"query.iter2_cl0","cl188_i26_Cgn_Pvalb",0.5,"Pvalb","Inh"
"93",16387.4586155148,14422.6884159241,"query.iter3_cl1","cl111_e48_Zar1l_L23_IT",0.983405469893637,"L2/3 IT","Ex"
"100",10886.6319184127,16490.3517363206,"query.iter3_cl1","cl102_e53_Tmem74b_L23_IT",0.943794707672318,"L2/3 IT","Ex"
"101",9320.25753234898,6621.00446308029,"query.iter2_cl2","cl120_i46_Cers6_Sst",0.761126095049772,"Sst","Inh"
"102",9093.92764910012,9084.23954076819,"query.iter3_cl4","cl69_e70_Depdc7_L5_PT",0.939332374820759,"L5 PT","Ex"
"106",12795.1697432741,13393.8511313142,"query.iter3_cl0","cl196_e24_Zfp781_L4",0.770396341622423,"L4","Ex"
"109",12550.2555946819,10673.4998318346,"query.iter2_cl2","cl1005_i24_Pcdhb20_Sst",0.922175654415973,"Sst","Inh"
"110",10433.25847227,11275.7335450964,"query.iter3_cl5","cl78_e65_NA_L5_IT",0.926350430688662,"L5 IT","Ex"
"111",16885.7198256623,10700.0910000071,"query.iter3_cl5","cl1001_e62_Cryba2_L5_IT",0.939332374820759,"L5 IT","Ex"
"112",15248.3403727946,1264.02368108415,"query.iter2_cl2","cl1005_i24_Pcdhb20_Sst",0.926350430688662,"Sst","Inh"
"113",14809.1542006809,19226.9555873415,"query.iter2_cl3","cl63_i73_Tac2_Vip",0.761126095049772,"Vip","Inh"
"114",15320.5066517775,16590.6986999711,"query.iter3_cl1","cl102_e53_Tmem74b_L23_IT",0.939332374820759,"L2/3 IT","Ex"
"115",6613.45678351878,3558.21624909829,"query.iter3_cl6","cl156_e35_Gpr139_L6_CT",0.926350430688662,"L6 PT","Ex"
"117",4988.88567158793,12523.2035396389,"query.iter3_cl5","cl1001_e62_Cryba2_L5_IT",0.939332374820759,"L5 IT","Ex"
"120",12835.0036743488,12274.9847459538,"query.iter3_cl3","cl1_e421_Cst3_L4",0.5,"L4","Ex"
"121",5723.61795750815,9000.24308343943,"query.iter3_cl4","cl44_e96_Chrna6_L5_PT",0.775411399194855,"L5 PT","Ex"
"122",14705.6422398164,8870.10286796717,"query.iter3_cl4","cl69_e70_Depdc7_L5_PT",0.775411399194855,"L5 PT","Ex"
"123",9508.05158097451,15127.577012587,"query.iter3_cl0","cl1_e421_Cst3_L4",0.983405469893637,"L4","Ex"
"126",13051.2338521637,11023.4440320876,"query.iter3_cl5","cl148_e36_Mmel1_L4",0.926350430688662,"L4","Ex"
"131",10581.6037826993,14775.5435946341,"query.iter3_cl0","cl94_e57_Cyp39a1_L4",0.992717841929891,"L4","Ex"
"134",512.025302836591,12990.4322546769,"query.iter3_cl0","cl145_e37_Zfat_L4",0.756830429353618,"L4","Ex"
"137",2804.55340796295,12556.9469933446,"query.iter3_cl0","cl108_e49_NA_L4",0.5,"L4","Ex"
"138",14297.4074746383,11130.6619755309,"query.iter3_cl5","cl163_e33_Nxf7_L4",0.943794707672318,"L4","Ex"
"147",654.077435068692,8773.12958053334,"query.iter3_cl5","cl196_e24_Zfp781_L4",0.943794707672318,"L4","Ex"
"149",8699.931122702,16684.6841871292,"query.iter2_cl1","cl185_i27_Slc4a7_Pvalb",0.926350430688662,"Pvalb","Inh"
"153",4233.20699354793,8730.3475704928,"query.iter3_cl4","cl179_e29_Cldn23_L5_PT",0.5,"L5 PT","Ex"
"154",13428.1375051854,5143.81856754602,"query.iter2_cl2","cl1005_i24_Pcdhb20_Sst",0.922175654415973,"Sst","Inh"
"156",9592.01127604935,11239.4630317958,"query.iter2_cl1","cl49_i90_Gpr149_Pvalb",0.939332374820759,"Pvalb","Inh"
"157",1804.5330379613,5515.30267836591,"query.iter2_cl3","cl36_i104_Rspo4_Vip",0.934933159155966,"Vip","Inh"
"159",13695.0964880582,9134.13509551983,"query.iter4_cl2","cl101_e53_Zmiz1os1_L6_IT",0.5,"L6 IT","Ex"
"160",15650.9663594778,9340.69632087976,"query.iter2_cl1","cl49_i90_Gpr149_Pvalb",0.939332374820759,"Pvalb","Inh"
"161",6535.78145321314,15131.215867917,"query.iter3_cl0","cl94_e57_Cyp39a1_L4",0.952867846579395,"L4","Ex"
"164",9159.74879748886,14855.6500193501,"query.iter3_cl0","cl1_e421_Cst3_L4",0.798608152876762,"L4","Ex"
"165",8132.20812765489,16691.8928124627,"query.iter3_cl1","cl181_e28_Nfkbid_L23_IT",0.934933159155966,"L2/3 IT","Ex"
"166",13088.0561886719,10432.2454596518,"query.iter3_cl5","cl1008_e40_NA_L5_IT",0.939332374820759,"L5 IT","Ex"
"168",76.6957375916344,9297.48228234438,"query.iter2_cl1","cl185_i27_Slc4a7_Pvalb",0.930604130788195,"Pvalb","Inh"
"170",8703.17461295236,15232.7069770075,"query.iter3_cl0","cl145_e37_Zfat_L4",0.930604130788195,"L4","Ex"
"171",10786.1794696756,19280.5868533726,"query.iter2_cl3","cl36_i104_Rspo4_Vip",0.934933159155966,"Vip","Inh"
"173",13756.3597173306,17434.1071685346,"query.iter3_cl1","cl111_e48_Zar1l_L23_IT",0.934933159155966,"L2/3 IT","Ex"
"176",6325.94310062398,9127.0920223856,"query.iter3_cl4","cl20_e142_Rap2a_L5_PT",0.770396341622423,"L5 PT","Ex"
"177",12307.4714873151,19397.2091709402,"query.iter2_cl3","cl36_i104_Rspo4_Vip",0.939332374820759,"Vip","Inh"
"178",13393.2749468423,9634.10903572773,"query.iter3_cl4","cl69_e70_Depdc7_L5_PT",0.770396341622423,"L5 PT","Ex"
"184",6740.13625272471,9824.31848915278,"query.iter3_cl4","cl69_e70_Depdc7_L5_PT",0.939332374820759,"L5 PT","Ex"
"185",1037.02969903154,5449.78950424115,"query.iter3_cl6","cl228_e21_Rev1_L6_CT",0.837563951116237,"L6 PT","Ex"
"188",9378.50582738085,7351.79677026939,"query.iter2_cl2","cl97_i57_Pdyn_Sst",0.765641708776896,"Sst","Inh"
"191",11528.5848659732,9605.72281850886,"query.iter3_cl4","cl69_e70_Depdc7_L5_PT",0.770396341622423,"L5 PT","Ex"
"192",98.5031311512185,13364.1452203838,"query.iter3_cl0","cl1_e421_Cst3_L4",0.922175654415973,"L4","Ex"
"193",5384.81267094717,12551.6907218848,"query.iter3_cl0","cl1_e421_Cst3_L4",0.752737666058065,"L4","Ex"
"195",17159.2406525935,9315.06927657984,"query.iter2_cl1","cl49_i90_Gpr149_Pvalb",0.939332374820759,"Pvalb","Inh"
"199",12428.2049635634,7184.71954358286,"query.iter3_cl6","cl228_e21_Rev1_L6_CT",0.7807109869595,"L6 PT","Ex"
"200",16788.05375863,7314.16328388273,"query.iter2_cl2","cl1005_i24_Pcdhb20_Sst",0.926350430688662,"Sst","Inh"
"208",10866.5382162304,9987.26924245196,"query.iter3_cl5","cl1008_e40_NA_L5_IT",0.957450033742165,"L5 IT","Ex"
"211",3070.66090872325,12556.4805039286,"query.iter3_cl0","cl94_e57_Cyp39a1_L4",0.952867846579395,"L4","Ex"
"212",10586.1769697962,8924.11596340168,"query.iter2_cl1","cl49_i90_Gpr149_Pvalb",0.939332374820759,"Pvalb","Inh"
"215",6954.64829571647,15568.5683646708,"query.iter3_cl1","cl226_e21_TrnL1_L23_IT",0.80535786345117,"L2/3 IT","Ex"
"217",8861.70404874422,15693.4716954927,"query.iter3_cl1","cl197_e24_Cfap54_L23_IT",0.986806161200152,"L2/3 IT","Ex"
"218",10964.4660397192,9227.64297060344,"query.iter3_cl5","cl4_e253_Lgmn_L5_IT",0.989931624224827,"L5 IT","Ex"
"219",7121.05787099483,8855.40443314305,"query.iter3_cl4","cl69_e70_Depdc7_L5_PT",0.962036518508721,"L5 PT","Ex"
"221",16290.712403196,6730.41220477129,"query.iter3_cl6","cl228_e21_Rev1_L6_CT",0.837563951116237,"L6 PT","Ex"
"223",9130.59552338522,9465.8858505151,"query.iter2_cl1","cl49_i90_Gpr149_Pvalb",0.765641708776896,"Pvalb","Inh"
"228",659.276599423704,11087.2715091173,"query.iter3_cl3","cl102_e53_Tmem74b_L23_IT",0.5,"L2/3 IT","Ex"
"231",15552.0870325126,7265.20177987523,"query.iter2_cl1","cl185_i27_Slc4a7_Pvalb",0.930604130788195,"Pvalb","Inh"
"232",3441.91268608706,7928.71256339819,"query.iter3_cl4","cl190_e26_Cdh15_L5_PT",0.5,"L5 PT","Ex"
"233",12122.8512148913,6726.02974708176,"query.iter3_cl6","cl156_e35_Gpr139_L6_CT",0.837563951116237,"L6 PT","Ex"
"234",1207.03255353361,6840.87734320929,"query.iter2_cl2","cl58_i81_Tmem255a_Sst",0.765641708776896,"Sst","Inh"
"235",14190.6207587261,17245.1979236213,"query.iter3_cl1","cl111_e48_Zar1l_L23_IT",0.939332374820759,"L2/3 IT","Ex"
"237",13650.6030061458,13601.4533867998,"query.iter3_cl0","cl94_e57_Cyp39a1_L4",0.5,"L4","Ex"
"242",12973.2903384001,6939.24671347735,"query.iter3_cl6","cl156_e35_Gpr139_L6_CT",0.926350430688662,"L6 PT","Ex"
"243",15791.1723281756,7897.30181732304,"query.iter2_cl2","cl1005_i24_Pcdhb20_Sst",0.761126095049772,"Sst","Inh"
"244",9302.81869119121,14662.8333110217,"query.iter3_cl3","cl181_e28_Nfkbid_L23_IT",0.5,"L2/3 IT","Ex"
"254",9722.80384562839,12687.3905558317,"query.iter3_cl5","cl94_e57_Cyp39a1_L4",0.926350430688662,"L4","Ex"
"257",15638.8814872215,15102.7339661916,"query.iter3_cl1","cl6_e204_Exosc4_L23_IT",0.798608152876762,"L2/3 IT","Ex"
"258",13354.2392996666,16957.9502598837,"query.iter3_cl1","cl181_e28_Nfkbid_L23_IT",0.7807109869595,"L2/3 IT","Ex"
"260",16195.4878379162,9970.86596451628,"query.iter3_cl4","cl69_e70_Depdc7_L5_PT",0.5,"L5 PT","Ex"
"261",4855.06954343449,13668.1562550392,"query.iter3_cl0","cl1_e421_Cst3_L4",0.983405469893637,"L4","Ex"
"263",14773.0847052242,17288.1742463738,"query.iter3_cl3","cl181_e28_Nfkbid_L23_IT",0.5,"L2/3 IT","Ex"
"264",14375.6574216793,19217.0253686511,"query.iter2_cl3","cl151_i35_Gpr63_Lamp5",0.922175654415973,"Lamp5","Inh"
"265",16786.5594593639,17559.3652154308,"query.iter3_cl3","cl181_e28_Nfkbid_L23_IT",0.5,"L2/3 IT","Ex"
"276",13036.5437271879,14744.9958038618,"query.iter3_cl0","cl94_e57_Cyp39a1_L4",0.992717841929891,"L4","Ex"
"278",10718.5872072837,14033.2306257217,"query.iter3_cl0","cl174_e30_Zfp433_L4",0.7807109869595,"L4","Ex"
"281",8411.74522545642,17007.9904344396,"query.iter3_cl3","cl111_e48_Zar1l_L23_IT",0.5,"L2/3 IT","Ex"
"283",7258.2237038027,14408.9158671903,"query.iter2_cl2","cl1005_i24_Pcdhb20_Sst",0.926350430688662,"Sst","Inh"
"285",9734.55043401189,14357.7701716597,"query.iter3_cl0","cl108_e49_NA_L4",0.770396341622423,"L4","Ex"
"287",12922.4383810124,9470.13760920921,"query.iter2_cl2","cl1005_i24_Pcdhb20_Sst",0.988407198252632,"Sst","Inh"
"288",8802.37843352829,5415.51943466616,"query.iter3_cl6","cl228_e21_Rev1_L6_CT",0.837563951116237,"L6 PT","Ex"
"291",10666.9274649485,13728.4708968256,"query.iter3_cl0","cl145_e37_Zfat_L4",0.775411399194855,"L4","Ex"
"293",8468.64056698834,12669.3124739063,"query.iter3_cl0","cl108_e49_NA_L4",0.765641708776896,"L4","Ex"
"294",16000.6124686295,17450.34197622,"query.iter3_cl1","cl102_e53_Tmem74b_L23_IT",0.934933159155966,"L2/3 IT","Ex"
"317",16318.1578931849,9416.32828386749,"query.iter2_cl0","cl1007_i56_NA_Pvalb",0.5,"Pvalb","Inh"
"318",15239.334565103,8860.17593342525,"query.iter2_cl0","cl1007_i56_NA_Pvalb",0.5,"Pvalb","Inh"
"323",16489.6453139056,15153.9017406553,"query.iter3_cl1","cl102_e53_Tmem74b_L23_IT",0.943794707672318,"L2/3 IT","Ex"
"325",13882.3974603672,13315.3824365648,"query.iter2_cl3","cl5_i231_Nov_Vip",0.7807109869595,"Vip","Inh"
"326",1334.34048772899,15357.4662558356,"query.iter2_cl3","cl114_i47_Tbc1d2b_Lamp5",0.798608152876762,"Lamp5","Inh"
"327",12882.1475556503,12478.0141654392,"query.iter3_cl0","cl1_e421_Cst3_L4",0.798608152876762,"L4","Ex"
"328",13668.7380618695,5616.3741156527,"query.iter2_cl1","cl188_i26_Cgn_Pvalb",0.922175654415973,"Pvalb","Inh"
"331",142.580227657989,10806.5072681594,"query.iter3_cl0","cl1_e421_Cst3_L4",0.792276351763248,"L4","Ex"
"332",1298.47748410009,5871.37009257807,"query.iter2_cl2","cl248_i20_Lsmem1_Sst",0.770396341622423,"Sst","Inh"
"334",13510.446292955,19207.0416200595,"query.iter2_cl3","cl5_i231_Nov_Vip",0.5,"Vip","Inh"
"335",5537.06802347095,10902.5763221819,"query.iter3_cl4","cl69_e70_Depdc7_L5_PT",0.962036518508721,"L5 PT","Ex"
"343",15470.9357222206,9656.5945623249,"query.iter2_cl1","cl119_i46_Ccdc38_Pvalb",0.775411399194855,"Pvalb","Inh"
"353",17157.213839575,11883.4961569499,"query.iter3_cl5","cl1008_e40_NA_L5_IT",0.7807109869595,"L5 IT","Ex"
"355",223.118336061385,16350.1545702007,"query.iter2_cl0","cl1007_i56_NA_Pvalb",0.5,"Pvalb","Inh"
"357",11586.0402053003,8677.78046259484,"query.iter2_cl1","cl212_i22_Cemip_Pvalb",0.770396341622423,"Pvalb","Inh"
"361",12573.586478258,11998.4035146078,"query.iter3_cl0","cl1_e421_Cst3_L4",0.934933159155966,"L4","Ex"
"362",17761.348980419,12551.2448647117,"query.iter3_cl0","cl1_e421_Cst3_L4",0.775411399194855,"L4","Ex"
"365",14462.6855687077,14559.7405554201,"query.iter3_cl1","cl181_e28_Nfkbid_L23_IT",0.934933159155966,"L2/3 IT","Ex"
"367",9603.15496158801,10824.6504143053,"query.iter3_cl5","cl94_e57_Cyp39a1_L4",0.926350430688662,"L4","Ex"
"373",13853.2923367022,8340.74554187002,"query.iter2_cl3","cl36_i104_Rspo4_Vip",0.939332374820759,"Vip","Inh"
"375",14973.274569914,8601.99945487007,"query.iter3_cl4","cl69_e70_Depdc7_L5_PT",0.765641708776896,"L5 PT","Ex"
"376",15326.1729120248,6803.84742262721,"query.iter3_cl6","cl156_e35_Gpr139_L6_CT",0.837563951116237,"L6 PT","Ex"
"377",448.9800639037,12737.546707342,"query.iter3_cl0","cl1_e421_Cst3_L4",0.775411399194855,"L4","Ex"
"378",12895.1640705877,17651.5408010941,"query.iter3_cl1","cl111_e48_Zar1l_L23_IT",0.798608152876762,"L2/3 IT","Ex"
"381",15033.1391814718,9049.34356046621,"query.iter3_cl5","cl1001_e62_Cryba2_L5_IT",0.939332374820759,"L5 IT","Ex"
"384",10659.6153724017,13420.1625940929,"query.iter3_cl3","cl102_e53_Tmem74b_L23_IT",0.5,"L2/3 IT","Ex"
"385",7211.33597634281,10841.2826931085,"query.iter2_cl2","cl1005_i24_Pcdhb20_Sst",0.765641708776896,"Sst","Inh"
"387",12716.7847905872,5513.12044594249,"query.iter4_cl2","cl101_e53_Zmiz1os1_L6_IT",0.5,"L6 IT","Ex"
"391",6931.51788388722,14644.2014529353,"query.iter3_cl0","cl108_e49_NA_L4",0.765641708776896,"L4","Ex"
"398",16157.3866708814,14546.1759784952,"query.iter3_cl3","cl111_e48_Zar1l_L23_IT",0.5,"L2/3 IT","Ex"
"402",3444.02606107669,9549.22090559732,"query.iter2_cl1","cl49_i90_Gpr149_Pvalb",0.939332374820759,"Pvalb","Inh"
"404",9847.66737740266,7572.99468063761,"query.iter4_cl2","cl8_e168_Adam8_L6_IT",0.5,"L6 IT","Ex"
"406",2709.48696013532,8967.85182160029,"query.iter3_cl4","cl179_e29_Cldn23_L5_PT",0.756830429353618,"L5 PT","Ex"
"407",16651.7469902512,13337.2950318389,"query.iter3_cl1","cl111_e48_Zar1l_L23_IT",0.7807109869595,"L2/3 IT","Ex"
"409",1578.21493071151,11376.4597886874,"query.iter3_cl0","cl1_e421_Cst3_L4",0.765641708776896,"L4","Ex"
"412",1701.85940903582,5278.29379238225,"query.iter3_cl6","cl156_e35_Gpr139_L6_CT",0.934933159155966,"L6 PT","Ex"
"414",335.034661925507,12746.9374487284,"query.iter3_cl3","cl181_e28_Nfkbid_L23_IT",0.5,"L2/3 IT","Ex"
"415",9396.58309218381,15924.8038589019,"query.iter3_cl1","cl102_e53_Tmem74b_L23_IT",0.939332374820759,"L2/3 IT","Ex"
"417",8188.63537578792,14278.4822921766,"query.iter3_cl3","cl181_e28_Nfkbid_L23_IT",0.5,"L2/3 IT","Ex"
"419",1425.80090907014,11792.8811691435,"query.iter3_cl0","cl145_e37_Zfat_L4",0.770396341622423,"L4","Ex"
"420",11787.6730370205,13146.349469876,"query.iter2_cl1","cl90_i59_Rom1_Pvalb",0.7807109869595,"Pvalb","Inh"
"421",3323.76227473962,17729.9303218818,"query.iter2_cl3","cl36_i104_Rspo4_Vip",0.934933159155966,"Vip","Inh"
"423",2639.43695145466,10359.9650311451,"query.iter2_cl1","cl160_i34_NA_Pvalb",0.7807109869595,"Pvalb","Inh"
"425",15609.8172488112,17455.0512250948,"query.iter2_cl3","cl151_i35_Gpr63_Lamp5",0.922175654415973,"Lamp5","Inh"
"427",9847.02955421484,11049.5252133697,"query.iter3_cl5","cl145_e37_Zfat_L4",0.7807109869595,"L4","Ex"
"429",4525.55845111484,9396.96034716902,"query.iter2_cl1","cl188_i26_Cgn_Pvalb",0.770396341622423,"Pvalb","Inh"
"432",12501.5440344517,6514.70195161287,"query.iter3_cl6","cl106_e50_Dlc1_L6_CT",0.7807109869595,"L6 PT","Ex"
"435",11575.303553982,17353.2288250255,"query.iter3_cl1","cl197_e24_Cfap54_L23_IT",0.986806161200152,"L2/3 IT","Ex"
"437",4685.62355710243,11229.592941789,"query.iter3_cl5","cl148_e36_Mmel1_L4",0.930604130788195,"L4","Ex"
"444",16882.8059647086,9780.01565318665,"query.iter3_cl5","cl94_e57_Cyp39a1_L4",0.926350430688662,"L4","Ex"
"449",13008.8771940567,8964.39808583454,"query.iter2_cl1","cl135_i42_Ostn_Pvalb",0.7807109869595,"Pvalb","Inh"
"459",17118.6410752876,16611.6383234321,"query.iter3_cl1","cl226_e21_TrnL1_L23_IT",0.926350430688662,"L2/3 IT","Ex"
"461",14166.6704441292,11276.3248832619,"query.iter2_cl0","cl1007_i56_NA_Pvalb",0.5,"Pvalb","Inh"
"466",11562.3443402652,13124.3398301368,"query.iter3_cl0","cl145_e37_Zfat_L4",0.930604130788195,"L4","Ex"
"468",7616.37817212097,9647.72035758145,"query.iter3_cl4","cl44_e96_Chrna6_L5_PT",0.5,"L5 PT","Ex"
"476",9724.70482844564,11836.9742869476,"query.iter3_cl5","cl78_e65_NA_L5_IT",0.775411399194855,"L5 IT","Ex"
"480",16544.7572919351,14070.5673802537,"query.iter3_cl0","cl174_e30_Zfp433_L4",0.765641708776896,"L4","Ex"
"482",12582.4464626959,14927.2401498443,"query.iter3_cl0","cl145_e37_Zfat_L4",0.930604130788195,"L4","Ex"
"483",10755.0199250016,12664.4071276519,"query.iter3_cl5","cl4_e253_Lgmn_L5_IT",0.989931624224827,"L5 IT","Ex"
"484",6338.8357060927,9819.24763773321,"query.iter2_cl2","cl1005_i24_Pcdhb20_Sst",0.7807109869595,"Sst","Inh"
"486",10854.5243745263,15247.0648017481,"query.iter3_cl1","cl111_e48_Zar1l_L23_IT",0.7807109869595,"L2/3 IT","Ex"
"491",4856.38833831947,8814.44770377566,"query.iter3_cl5","cl148_e36_Mmel1_L4",0.934933159155966,"L4","Ex"
"498",205.507411623754,11639.6373643645,"query.iter3_cl0","cl94_e57_Cyp39a1_L4",0.752737666058065,"L4","Ex"
"502",10423.4720475217,18494.5070489852,"query.iter2_cl3","cl63_i73_Tac2_Vip",0.7807109869595,"Vip","Inh"
"505",16166.2708447963,9378.16762970884,"query.iter3_cl4","cl69_e70_Depdc7_L5_PT",0.985136408346973,"L5 PT","Ex"
"510",14100.4395318176,14894.1429785497,"query.iter3_cl3","cl181_e28_Nfkbid_L23_IT",0.5,"L2/3 IT","Ex"
"513",1574.86110337863,11045.6262674432,"query.iter2_cl1","cl49_i90_Gpr149_Pvalb",0.939332374820759,"Pvalb","Inh"
"518",14332.8360546533,11578.0385559909,"query.iter3_cl5","cl78_e65_NA_L5_IT",0.837563951116237,"L5 IT","Ex"
"520",8256.51746979041,5034.37338717524,"query.iter3_cl6","cl156_e35_Gpr139_L6_CT",0.837563951116237,"L6 PT","Ex"
"524",11467.4234120795,15617.6975647171,"query.iter3_cl1","cl102_e53_Tmem74b_L23_IT",0.943794707672318,"L2/3 IT","Ex"
"526",8833.41187296241,10011.8633539675,"query.iter2_cl2","cl1005_i24_Pcdhb20_Sst",0.761126095049772,"Sst","Inh"
"527",657.869291764321,5621.04560004988,"query.iter4_cl2","cl8_e168_Adam8_L6_IT",0.5,"L6 IT","Ex"
"531",15218.4843749152,13172.3641237971,"query.iter3_cl0","cl108_e49_NA_L4",0.7807109869595,"L4","Ex"
"532",5102.98309722873,13466.6654870542,"query.iter3_cl0","cl108_e49_NA_L4",0.765641708776896,"L4","Ex"
"536",11551.2787100098,11815.2898087759,"query.iter3_cl2","cl70_e70_Abca12_L5_NP",0.5,"L5 NP","Ex"
"537",14982.7998796146,15444.1514916784,"query.iter3_cl1","cl197_e24_Cfap54_L23_IT",0.986806161200152,"L2/3 IT","Ex"
"542",16470.8075707395,7498.94047778997,"query.iter3_cl1","cl181_e28_Nfkbid_L23_IT",0.775411399194855,"L2/3 IT","Ex"
"543",12297.9705143439,12498.6523688672,"query.iter3_cl0","cl1_e421_Cst3_L4",0.792276351763248,"L4","Ex"
"546",7244.16444478921,15185.2532670324,"query.iter3_cl0","cl94_e57_Cyp39a1_L4",0.992717841929891,"L4","Ex"
"547",14569.5955322166,15628.6210355308,"query.iter2_cl3","cl63_i73_Tac2_Vip",0.926350430688662,"Vip","Inh"
"550",7654.11552512369,7214.6806762343,"query.iter2_cl0","cl119_i46_Ccdc38_Pvalb",0.5,"Pvalb","Inh"
"552",10793.8713424054,8681.0738604208,"query.iter2_cl1","cl49_i90_Gpr149_Pvalb",0.939332374820759,"Pvalb","Inh"
"553",9440.10033182516,10361.7611802029,"query.iter3_cl4","cl179_e29_Cldn23_L5_PT",0.5,"L5 PT","Ex"
"554",1916.05622001171,9359.16338150371,"query.iter3_cl5","cl1008_e40_NA_L5_IT",0.926350430688662,"L5 IT","Ex"
"559",10872.8954397079,10814.4460467913,"query.iter3_cl5","cl1001_e62_Cryba2_L5_IT",0.939332374820759,"L5 IT","Ex"
"560",5274.38435910699,15533.598246956,"query.iter3_cl3","cl181_e28_Nfkbid_L23_IT",0.5,"L2/3 IT","Ex"
"562",13539.7917012067,6662.7338172469,"query.iter3_cl6","cl228_e21_Rev1_L6_CT",0.837563951116237,"L6 PT","Ex"
"577",4590.79702547081,12935.144736822,"query.iter3_cl0","cl1_e421_Cst3_L4",0.761126095049772,"L4","Ex"
"578",16568.886201769,8651.41339811921,"query.iter3_cl4","cl69_e70_Depdc7_L5_PT",0.986806161200152,"L5 PT","Ex"
"582",8904.58418507597,13580.9783461437,"query.iter3_cl0","cl145_e37_Zfat_L4",0.775411399194855,"L4","Ex"
"587",966.450140692392,10793.5142416963,"query.iter2_cl1","cl160_i34_NA_Pvalb",0.7807109869595,"Pvalb","Inh"
"589",15097.7145756517,3747.9672958865,"query.iter4_cl2","cl2_e381_Rgs2_L6_IT",0.5,"L6 IT","Ex"
"590",12329.7970570779,11600.6301391067,"query.iter2_cl2","cl1005_i24_Pcdhb20_Sst",0.926350430688662,"Sst","Inh"
"593",12997.6876891979,17941.5569763567,"query.iter3_cl1","cl111_e48_Zar1l_L23_IT",0.7807109869595,"L2/3 IT","Ex"
"602",15667.5812342497,12954.5709351943,"query.iter3_cl5","cl94_e57_Cyp39a1_L4",0.939332374820759,"L4","Ex"
"603",11186.2505358612,10970.8536576922,"query.iter3_cl5","cl163_e33_Nxf7_L4",0.943794707672318,"L4","Ex"
"609",263.507083294089,9366.00774582252,"query.iter3_cl5","cl148_e36_Mmel1_L4",0.989931624224827,"L4","Ex"
"610",13618.0914058614,12668.591097383,"query.iter3_cl0","cl1_e421_Cst3_L4",0.775411399194855,"L4","Ex"
"614",14769.2946522942,5449.18330335012,"query.iter3_cl6","cl156_e35_Gpr139_L6_CT",0.934933159155966,"L6 PT","Ex"
"621",1184.49082138453,11701.162695379,"query.iter3_cl0","cl145_e37_Zfat_L4",0.930604130788195,"L4","Ex"
"622",16714.4904541416,10385.9206191046,"query.iter3_cl5","cl4_e253_Lgmn_L5_IT",0.989931624224827,"L5 IT","Ex"
"624",12730.63266244,14499.2260341755,"query.iter3_cl0","cl108_e49_NA_L4",0.7807109869595,"L4","Ex"
"625",8566.1863928102,743.726363251064,"query.iter2_cl2","cl1005_i24_Pcdhb20_Sst",0.922175654415973,"Sst","Inh"
"626",14600.4841086977,17056.2563482385,"query.iter3_cl1","cl197_e24_Cfap54_L23_IT",0.986806161200152,"L2/3 IT","Ex"
"627",8633.05837846063,7538.01888541681,"query.iter2_cl0","cl188_i26_Cgn_Pvalb",0.5,"Pvalb","Inh"
"629",479.229491606536,5958.28946732531,"query.iter3_cl6","cl156_e35_Gpr139_L6_CT",0.837563951116237,"L6 PT","Ex"
"634",16784.0146135029,12745.0723047222,"query.iter3_cl0","cl145_e37_Zfat_L4",0.930604130788195,"L4","Ex"
"636",16445.8872038856,11250.4376256959,"query.iter3_cl5","cl163_e33_Nxf7_L4",0.943794707672318,"L4","Ex"
"644",16558.8860125966,17816.2932427517,"query.iter3_cl1","cl123_e45_Zbtb2_L23_IT",0.7807109869595,"L2/3 IT","Ex"
"646",10143.0053662696,13927.7363458248,"query.iter2_cl1","cl49_i90_Gpr149_Pvalb",0.765641708776896,"Pvalb","Inh"
"650",845.460365652617,13230.0960691834,"query.iter3_cl1","cl181_e28_Nfkbid_L23_IT",0.926350430688662,"L2/3 IT","Ex"
"654",11812.7751245378,13787.1063134085,"query.iter3_cl0","cl94_e57_Cyp39a1_L4",0.985136408346973,"L4","Ex"
"657",10684.4511187815,10479.1532345293,"query.iter3_cl5","cl78_e65_NA_L5_IT",0.930604130788195,"L5 IT","Ex"
"658",10507.829833523,13223.2185297666,"query.iter3_cl0","cl1_e421_Cst3_L4",0.775411399194855,"L4","Ex"
"659",14319.2050741992,10019.4502507836,"query.iter3_cl4","cl69_e70_Depdc7_L5_PT",0.5,"L5 PT","Ex"
"660",15434.3020713319,15903.240236878,"query.iter2_cl2","cl248_i20_Lsmem1_Sst",0.837563951116237,"Sst","Inh"
"661",16357.0785840049,5819.54396891278,"query.iter2_cl3","cl114_i47_Tbc1d2b_Lamp5",0.798608152876762,"Lamp5","Inh"
"662",15201.9720931312,17820.1265290297,"query.iter3_cl1","cl197_e24_Cfap54_L23_IT",0.989931624224827,"L2/3 IT","Ex"
"663",11662.6399964296,10309.4536792781,"query.iter3_cl4","cl69_e70_Depdc7_L5_PT",0.7807109869595,"L5 PT","Ex"
"670",4510.60236859458,8986.78635852081,"query.iter3_cl4","cl69_e70_Depdc7_L5_PT",0.770396341622423,"L5 PT","Ex"
"672",16722.4269812726,16219.7545557271,"query.iter2_cl3","cl54_i85_Thbs3_Vip",0.7807109869595,"Vip","Inh"
"673",3239.36744951139,13137.6542007231,"query.iter3_cl0","cl1_e421_Cst3_L4",0.934933159155966,"L4","Ex"
"676",15336.0517862876,6581.79403032678,"query.iter3_cl6","cl106_e50_Dlc1_L6_CT",0.7807109869595,"L6 PT","Ex"
"677",4504.54964375897,5698.61130630973,"query.iter4_cl2","cl101_e53_Zmiz1os1_L6_IT",0.5,"L6 IT","Ex"
"678",12993.2553734687,14865.3133827155,"query.iter3_cl0","cl174_e30_Zfp433_L4",0.922175654415973,"L4","Ex"
"679",1033.57050000945,15416.6253767008,"query.iter3_cl3","cl181_e28_Nfkbid_L23_IT",0.5,"L2/3 IT","Ex"
"681",17486.4308725852,18793.5649847019,"query.iter2_cl3","cl114_i47_Tbc1d2b_Lamp5",0.798608152876762,"Lamp5","Inh"
"684",327.391437164834,4888.32436186243,"query.iter4_cl2","cl46_e95_Npc1l1_L5_IT",0.5,"L5 IT","Ex"
"685",10855.6239238669,13567.6208313981,"query.iter3_cl5","cl148_e36_Mmel1_L4",0.989931624224827,"L4","Ex"
"689",15213.8759363259,13820.6103395993,"query.iter3_cl0","cl145_e37_Zfat_L4",0.775411399194855,"L4","Ex"
"690",7048.30432001229,7204.22312365225,"query.iter3_cl4","cl20_e142_Rap2a_L5_PT",0.5,"L5 PT","Ex"
"692",13044.021498391,14414.1213931468,"query.iter3_cl1","cl102_e53_Tmem74b_L23_IT",0.934933159155966,"L2/3 IT","Ex"
"693",3610.32134679929,13802.0616205607,"query.iter3_cl0","cl1_e421_Cst3_L4",0.775411399194855,"L4","Ex"
"695",12562.8086019529,13512.6751899917,"query.iter3_cl0","cl145_e37_Zfat_L4",0.765641708776896,"L4","Ex"
"698",7825.56352641361,9535.54714492611,"query.iter2_cl2","cl1005_i24_Pcdhb20_Sst",0.7807109869595,"Sst","Inh"
"701",3334.93188846811,12869.9244420837,"query.iter2_cl1","cl49_i90_Gpr149_Pvalb",0.765641708776896,"Pvalb","Inh"
"705",11624.8960001633,18803.9002098032,"query.iter2_cl3","cl240_i20_Sall1_Vip",0.761126095049772,"Vip","Inh"
"706",9374.24366992403,9576.41110296405,"query.iter3_cl4","cl69_e70_Depdc7_L5_PT",0.986806161200152,"L5 PT","Ex"
"708",11072.0040266306,7134.90781172113,"query.iter3_cl6","cl156_e35_Gpr139_L6_CT",0.934933159155966,"L6 PT","Ex"
"716",1056.14313015814,9963.0547114801,"query.iter3_cl5","cl1008_e40_NA_L5_IT",0.939332374820759,"L5 IT","Ex"
"717",13495.5559731779,6423.86844827371,"query.iter4_cl2","cl61_e77_Mir221_L6_IT",0.5,"L6 IT","Ex"
"718",17177.3377008932,10534.5312700061,"query.iter3_cl5","cl78_e65_NA_L5_IT",0.837563951116237,"L5 IT","Ex"
"720",3348.83676767462,11923.7912727685,"query.iter3_cl3","cl181_e28_Nfkbid_L23_IT",0.5,"L2/3 IT","Ex"
"721",4899.91292074077,14768.3161232518,"query.iter2_cl1","cl22_i134_Esrrg_Pvalb",0.775411399194855,"Pvalb","Inh"
"723",15935.9027244901,12464.7172055899,"query.iter2_cl0","cl1007_i56_NA_Pvalb",0.5,"Pvalb","Inh"
"726",14872.1742554676,9832.71530648494,"query.iter2_cl2","cl248_i20_Lsmem1_Sst",0.837563951116237,"Sst","Inh"
"727",1216.87428177513,5007.77549754616,"query.iter4_cl2","cl150_e36_Car3_L6_IT",0.5,"L6 IT","Ex"
"729",13383.6857061969,9001.11437731612,"query.iter4_cl2","cl61_e77_Mir221_L6_IT",0.5,"L6 IT","Ex"
"732",9468.31735070615,16334.1575129141,"query.iter3_cl3","cl102_e53_Tmem74b_L23_IT",0.5,"L2/3 IT","Ex"
"741",15225.0352161665,16885.6348398941,"query.iter3_cl1","cl102_e53_Tmem74b_L23_IT",0.939332374820759,"L2/3 IT","Ex"
"743",10417.769001277,13770.262913328,"query.iter3_cl0","cl1_e421_Cst3_L4",0.837563951116237,"L4","Ex"
"751",11327.0541064299,16084.9595602263,"query.iter3_cl3","cl111_e48_Zar1l_L23_IT",0.5,"L2/3 IT","Ex"
"753",12998.0016034761,6395.82953790436,"query.iter3_cl6","cl156_e35_Gpr139_L6_CT",0.837563951116237,"L6 PT","Ex"
"754",13761.2154397679,15615.6305892522,"query.iter3_cl1","cl111_e48_Zar1l_L23_IT",0.934933159155966,"L2/3 IT","Ex"
"756",3654.74365408623,9524.27110940949,"query.iter3_cl4","cl20_e142_Rap2a_L5_PT",0.5,"L5 PT","Ex"
"757",14736.3559014637,15904.3403966994,"query.iter3_cl1","cl111_e48_Zar1l_L23_IT",0.939332374820759,"L2/3 IT","Ex"
"759",842.946511246473,12303.4513019652,"query.iter3_cl0","cl186_e26_Zfp882_L4",0.765641708776896,"L4","Ex"
"760",3744.28406634044,11548.728654795,"query.iter3_cl0","cl1_e421_Cst3_L4",0.837563951116237,"L4","Ex"
"767",9908.51819893113,1005.0179270091,"query.iter2_cl2","cl1005_i24_Pcdhb20_Sst",0.926350430688662,"Sst","Inh"
"773",5669.20989132727,8728.51998390082,"query.iter3_cl4","cl189_e26_C1ql2_L5_PT",0.765641708776896,"L5 PT","Ex"
"776",9576.29594082946,16863.0019031231,"query.iter3_cl1","cl181_e28_Nfkbid_L23_IT",0.926350430688662,"L2/3 IT","Ex"
"783",15226.5843804818,14924.1885073552,"query.iter3_cl3","cl111_e48_Zar1l_L23_IT",0.5,"L2/3 IT","Ex"
"785",12181.8540953575,7791.29181428686,"query.iter4_cl2","cl46_e95_Npc1l1_L5_IT",0.5,"L5 IT","Ex"
"786",13764.0316992432,17698.0203644407,"query.iter2_cl1","cl188_i26_Cgn_Pvalb",0.926350430688662,"Pvalb","Inh"
"788",11123.8805730485,11311.3396354776,"query.iter3_cl5","cl78_e65_NA_L5_IT",0.930604130788195,"L5 IT","Ex"
"789",16188.1539490201,15255.2841277671,"query.iter3_cl3","cl181_e28_Nfkbid_L23_IT",0.5,"L2/3 IT","Ex"
"796",3168.80432550161,8351.85120373868,"query.iter3_cl4","cl20_e142_Rap2a_L5_PT",0.770396341622423,"L5 PT","Ex"
"802",12762.4000159889,12971.2372503566,"query.iter3_cl0","cl1_e421_Cst3_L4",0.792276351763248,"L4","Ex"
"803",12731.7007996828,16872.5708540807,"query.iter3_cl1","cl181_e28_Nfkbid_L23_IT",0.934933159155966,"L2/3 IT","Ex"
"807",13450.2559459962,11969.6717360219,"query.iter3_cl5","cl78_e65_NA_L5_IT",0.80535786345117,"L5 IT","Ex"
"810",13504.279300963,6902.52828272651,"query.iter3_cl6","cl156_e35_Gpr139_L6_CT",0.934933159155966,"L6 PT","Ex"
"811",8109.45652780723,14675.9897860708,"query.iter3_cl3","cl1_e421_Cst3_L4",0.5,"L4","Ex"
"813",13343.8380262619,13140.3685243216,"query.iter3_cl0","cl94_e57_Cyp39a1_L4",0.952867846579395,"L4","Ex"
"824",6997.91596629921,13854.9183897261,"query.iter2_cl2","cl248_i20_Lsmem1_Sst",0.770396341622423,"Sst","Inh"
"825",6571.7278083864,14359.689805093,"query.iter2_cl3","cl36_i104_Rspo4_Vip",0.934933159155966,"Vip","Inh"
"827",12920.7336618309,9196.62783145071,"query.iter3_cl4","cl179_e29_Cldn23_L5_PT",0.5,"L5 PT","Ex"
"829",13866.4777784437,16941.2057964354,"query.iter3_cl1","cl102_e53_Tmem74b_L23_IT",0.948310684664432,"L2/3 IT","Ex"
"830",3758.01812408137,9430.46828620589,"query.iter3_cl4","cl69_e70_Depdc7_L5_PT",0.775411399194855,"L5 PT","Ex"
"831",16849.3741659678,14278.8542051631,"query.iter3_cl1","cl102_e53_Tmem74b_L23_IT",0.948310684664432,"L2/3 IT","Ex"
"832",14931.7541414305,13557.4381838434,"query.iter3_cl3","cl111_e48_Zar1l_L23_IT",0.5,"L2/3 IT","Ex"
"837",10705.437767193,12351.8009889141,"query.iter2_cl3","cl36_i104_Rspo4_Vip",0.939332374820759,"Vip","Inh"
"838",8935.48573620622,8000.18260955161,"query.iter3_cl6","cl156_e35_Gpr139_L6_CT",0.7807109869595,"L6 PT","Ex"
"840",16987.1166562364,13331.2385414645,"query.iter3_cl0","cl144_e37_Zranb3_L4",0.5,"L4","Ex"
"843",13062.5451591374,16271.1373026918,"query.iter3_cl1","cl181_e28_Nfkbid_L23_IT",0.7807109869595,"L2/3 IT","Ex"
"844",15171.9372464705,8628.49771072197,"query.iter3_cl4","cl44_e96_Chrna6_L5_PT",0.775411399194855,"L5 PT","Ex"
"851",15484.0946877242,17617.7640296244,"query.iter3_cl1","cl181_e28_Nfkbid_L23_IT",0.761126095049772,"L2/3 IT","Ex"
"852",11632.5444101741,17694.0403428195,"query.iter3_cl1","cl181_e28_Nfkbid_L23_IT",0.934933159155966,"L2/3 IT","Ex"
"854",3056.98106464106,11918.9687549923,"query.iter3_cl3","cl102_e53_Tmem74b_L23_IT",0.5,"L2/3 IT","Ex"
"857",1602.68392096569,13326.1768653232,"query.iter3_cl0","cl1_e421_Cst3_L4",0.798608152876762,"L4","Ex"
"858",6259.11082060039,3559.86671410341,"query.iter4_cl2","cl101_e53_Zmiz1os1_L6_IT",0.5,"L6 IT","Ex"
"863",13482.5180001433,3938.87102876026,"query.iter3_cl6","cl228_e21_Rev1_L6_CT",0.837563951116237,"L6 PT","Ex"
"867",12639.6417019273,8627.6320055295,"query.iter2_cl3","cl5_i231_Nov_Vip",0.756830429353618,"Vip","Inh"
"868",1139.47706817033,10923.3225100078,"query.iter3_cl0","cl108_e49_NA_L4",0.939332374820759,"L4","Ex"
"869",8628.8445175965,7055.61601494711,"query.iter2_cl1","cl135_i42_Ostn_Pvalb",0.80535786345117,"Pvalb","Inh"
"871",5716.57310778922,9136.36663920117,"query.iter3_cl4","cl189_e26_C1ql2_L5_PT",0.5,"L5 PT","Ex"
"874",7332.32135608921,5964.69245517669,"query.iter4_cl2","cl46_e95_Npc1l1_L5_IT",0.5,"L5 IT","Ex"
"876",4422.01931523963,11561.5954355329,"query.iter2_cl0","cl188_i26_Cgn_Pvalb",0.5,"Pvalb","Inh"
"879",14615.9154951892,8679.15340378933,"query.iter3_cl4","cl69_e70_Depdc7_L5_PT",0.775411399194855,"L5 PT","Ex"
"880",13184.5278338322,15872.9803960019,"query.iter3_cl1","cl111_e48_Zar1l_L23_IT",0.934933159155966,"L2/3 IT","Ex"
"881",11082.9733682485,12855.9397788841,"query.iter3_cl5","cl1008_e40_NA_L5_IT",0.957450033742165,"L5 IT","Ex"
"882",5441.13173190044,9803.32241853094,"query.iter3_cl3","cl1_e421_Cst3_L4",0.5,"L4","Ex"
"884",3012.97572712274,9385.13927915491,"query.iter3_cl4","cl189_e26_C1ql2_L5_PT",0.5,"L5 PT","Ex"
"886",4614.42647515713,16585.8094232336,"query.iter3_cl1","cl102_e53_Tmem74b_L23_IT",0.948310684664432,"L2/3 IT","Ex"
"887",2874.59090541672,6239.8272334746,"query.iter2_cl2","cl1004_i65_NA_Sst",0.770396341622423,"Sst","Inh"
"889",16880.5283924991,15000.4858551121,"query.iter2_cl1","cl22_i134_Esrrg_Pvalb",0.934933159155966,"Pvalb","Inh"
"894",14876.0597349153,11248.4971304983,"query.iter3_cl5","cl4_e253_Lgmn_L5_IT",0.989931624224827,"L5 IT","Ex"
"897",14445.6692837137,17522.2487647996,"query.iter3_cl1","cl71_e68_Mir153_L23_IT",0.80535786345117,"L2/3 IT","Ex"
"902",16528.4943364187,17414.0817427408,"query.iter3_cl1","cl102_e53_Tmem74b_L23_IT",0.792276351763248,"L2/3 IT","Ex"
"904",2428.78067939006,8263.37377439516,"query.iter3_cl4","cl69_e70_Depdc7_L5_PT",0.5,"L5 PT","Ex"
"906",10821.095701085,7012.29451317775,"query.iter2_cl1","cl1007_i56_NA_Pvalb",0.770396341622423,"Pvalb","Inh"
"907",10846.8065826498,9767.19123293737,"query.iter2_cl3","cl5_i231_Nov_Vip",0.7807109869595,"Vip","Inh"
"910",13658.823392608,12949.5501708875,"query.iter3_cl0","cl145_e37_Zfat_L4",0.761126095049772,"L4","Ex"
"912",9188.52618336416,12663.9415514313,"query.iter3_cl0","cl94_e57_Cyp39a1_L4",0.775411399194855,"L4","Ex"
"914",2900.80929724206,13204.9132331148,"query.iter2_cl1","cl135_i42_Ostn_Pvalb",0.939332374820759,"Pvalb","Inh"
"915",8725.859045869,11137.244180232,"query.iter3_cl5","cl163_e33_Nxf7_L4",0.983405469893637,"L4","Ex"
"917",12566.1998370895,18048.3729433085,"query.iter3_cl1","cl181_e28_Nfkbid_L23_IT",0.770396341622423,"L2/3 IT","Ex"
"919",8781.67149709943,14784.0360876957,"query.iter3_cl0","cl108_e49_NA_L4",0.939332374820759,"L4","Ex"
"920",5128.25598220922,9653.65082810212,"query.iter2_cl2","cl1005_i24_Pcdhb20_Sst",0.988407198252632,"Sst","Inh"
"922",10197.7058865641,13293.973589803,"query.iter3_cl5","cl148_e36_Mmel1_L4",0.989931624224827,"L4","Ex"
"923",6689.09272057661,7375.52176330592,"query.iter3_cl6","cl17_e147_Gng12_L6_CT",0.5,"L6 PT","Ex"
"926",17760.5159752943,11495.222140124,"query.iter2_cl1","cl185_i27_Slc4a7_Pvalb",0.930604130788195,"Pvalb","Inh"
"927",12390.1083028952,16523.7306173545,"query.iter3_cl1","cl197_e24_Cfap54_L23_IT",0.989931624224827,"L2/3 IT","Ex"
"933",2171.68212058472,7104.55440035554,"query.iter2_cl0","cl1007_i56_NA_Pvalb",0.5,"Pvalb","Inh"
"936",4652.11192264577,10492.5335773405,"query.iter2_cl2","cl1005_i24_Pcdhb20_Sst",0.761126095049772,"Sst","Inh"
"938",2263.48985095967,16230.8759558892,"query.iter2_cl0","cl119_i46_Ccdc38_Pvalb",0.5,"Pvalb","Inh"
"939",753.833410334096,13916.3848609147,"query.iter3_cl1","cl102_e53_Tmem74b_L23_IT",0.948310684664432,"L2/3 IT","Ex"
"941",6732.96727398342,5566.43690523051,"query.iter3_cl6","cl228_e21_Rev1_L6_CT",0.837563951116237,"L6 PT","Ex"
"942",12632.9411431628,7656.88350378792,"query.iter4_cl2","cl2_e381_Rgs2_L6_IT",0.5,"L6 IT","Ex"
"950",2533.1066386082,3027.69463056939,"query.iter2_cl3","cl5_i231_Nov_Vip",0.7807109869595,"Vip","Inh"
"951",1810.77369235264,13564.9946393733,"query.iter3_cl0","cl146_e37_Rspo1_L4",0.765641708776896,"L4","Ex"
"954",9026.11648557086,5735.67733494482,"query.iter3_cl6","cl156_e35_Gpr139_L6_CT",0.837563951116237,"L6 PT","Ex"
"956",13005.0124366257,13147.4287083065,"query.iter3_cl0","cl1_e421_Cst3_L4",0.983405469893637,"L4","Ex"
"957",8263.82890244417,15088.126358831,"query.iter3_cl0","cl1_e421_Cst3_L4",0.792276351763248,"L4","Ex"
"960",1230.35712853934,13966.9692286111,"query.iter3_cl0","cl1_e421_Cst3_L4",0.775411399194855,"L4","Ex"
"963",13969.5944550167,12972.3125626619,"query.iter3_cl0","cl1_e421_Cst3_L4",0.775411399194855,"L4","Ex"
"964",16538.4824231411,12345.8256673355,"query.iter3_cl0","cl1_e421_Cst3_L4",0.934933159155966,"L4","Ex"
"968",387.774183389141,7840.72079332541,"query.iter3_cl4","cl69_e70_Depdc7_L5_PT",0.986806161200152,"L5 PT","Ex"
"976",16284.644585866,13198.6290850731,"query.iter3_cl0","cl196_e24_Zfp781_L4",0.5,"L4","Ex"
"979",13626.3715404772,17120.1067521439,"query.iter3_cl1","cl197_e24_Cfap54_L23_IT",0.989931624224827,"L2/3 IT","Ex"
"987",12536.0837884543,6806.64109682666,"query.iter3_cl6","cl156_e35_Gpr139_L6_CT",0.922175654415973,"L6 PT","Ex"
"990",8297.17292948644,9753.4988871558,"query.iter3_cl5","cl1001_e62_Cryba2_L5_IT",0.7807109869595,"L5 IT","Ex"
"993",12529.3463219141,10003.4455625228,"query.iter3_cl5","cl148_e36_Mmel1_L4",0.989931624224827,"L4","Ex"
"994",2884.85108088714,11864.7556438383,"query.iter3_cl0","cl108_e49_NA_L4",0.761126095049772,"L4","Ex"
"995",8303.91598358833,8685.82669657648,"query.iter2_cl2","cl1005_i24_Pcdhb20_Sst",0.775411399194855,"Sst","Inh"
"996",14700.0079298188,13509.4729365806,"query.iter3_cl0","cl145_e37_Zfat_L4",0.775411399194855,"L4","Ex"
"998",12934.7718092316,15760.0698006506,"query.iter3_cl3","cl181_e28_Nfkbid_L23_IT",0.5,"L2/3 IT","Ex"
"999",14944.09236168,7507.26287721945,"query.iter2_cl1","cl135_i42_Ostn_Pvalb",0.939332374820759,"Pvalb","Inh"
"1003",10585.3292908746,16710.1557286896,"query.iter3_cl1","cl197_e24_Cfap54_L23_IT",0.7807109869595,"L2/3 IT","Ex"
"1004",15262.9572231871,10506.2997325216,"query.iter3_cl6","cl156_e35_Gpr139_L6_CT",0.934933159155966,"L6 PT","Ex"
"1005",5153.8748002234,5730.82654994449,"query.iter3_cl6","cl156_e35_Gpr139_L6_CT",0.926350430688662,"L6 PT","Ex"
"1008",15000.8517880446,12700.0982779352,"query.iter3_cl0","cl94_e57_Cyp39a1_L4",0.952867846579395,"L4","Ex"
"1010",10285.7393046228,7200.55205727976,"query.iter4_cl2","cl61_e77_Mir221_L6_IT",0.5,"L6 IT","Ex"
"1017",14207.1406128585,15706.4354390408,"query.iter3_cl1","cl111_e48_Zar1l_L23_IT",0.837563951116237,"L2/3 IT","Ex"
"1021",15133.7521352938,6793.6262597628,"query.iter3_cl6","cl156_e35_Gpr139_L6_CT",0.7807109869595,"L6 PT","Ex"
"1022",8562.39331064077,10003.6551785477,"query.iter3_cl4","cl44_e96_Chrna6_L5_PT",0.775411399194855,"L5 PT","Ex"
"1024",17888.9714155815,19037.0000687728,"query.iter2_cl3","cl137_i41_NA_Lamp5",0.5,"Lamp5","Inh"
"1025",16782.693472642,14812.8758963951,"query.iter2_cl0","cl1007_i56_NA_Pvalb",0.5,"Pvalb","Inh"
"1027",11415.3025110561,14299.371088471,"query.iter3_cl3","cl102_e53_Tmem74b_L23_IT",0.5,"L2/3 IT","Ex"
"1031",2424.4551534534,9673.94276469371,"query.iter2_cl2","cl1005_i24_Pcdhb20_Sst",0.988407198252632,"Sst","Inh"
"1033",17407.7192045811,11186.9826211161,"query.iter2_cl1","cl49_i90_Gpr149_Pvalb",0.939332374820759,"Pvalb","Inh"
"1034",12855.9018707853,9738.39512472731,"query.iter3_cl4","cl69_e70_Depdc7_L5_PT",0.765641708776896,"L5 PT","Ex"
"1035",14843.8698124409,8996.48064115101,"query.iter3_cl4","cl69_e70_Depdc7_L5_PT",0.986806161200152,"L5 PT","Ex"
"1038",17229.3063104888,8654.79934008627,"query.iter2_cl2","cl97_i57_Pdyn_Sst",0.765641708776896,"Sst","Inh"
"1040",7551.89445369381,15358.2293381154,"query.iter3_cl3","cl102_e53_Tmem74b_L23_IT",0.5,"L2/3 IT","Ex"
"1041",12601.1271019519,9407.4410325569,"query.iter2_cl1","cl22_i134_Esrrg_Pvalb",0.934933159155966,"Pvalb","Inh"
"1045",6813.78441698411,8358.13826805091,"query.iter2_cl1","cl188_i26_Cgn_Pvalb",0.80535786345117,"Pvalb","Inh"
"1049",694.726592925485,12729.2344187502,"query.iter3_cl0","cl145_e37_Zfat_L4",0.770396341622423,"L4","Ex"
"1053",8719.20250334309,12743.6840008813,"query.iter3_cl5","cl146_e37_Rspo1_L4",0.939332374820759,"L4","Ex"
"1056",11050.6412267799,12000.8838332759,"query.iter3_cl2","cl70_e70_Abca12_L5_NP",0.5,"L5 NP","Ex"
"1058",12283.0981343199,16839.7953596052,"query.iter3_cl1","cl111_e48_Zar1l_L23_IT",0.939332374820759,"L2/3 IT","Ex"
"1059",14348.6340159505,10837.7607430837,"query.iter2_cl2","cl120_i46_Cers6_Sst",0.792276351763248,"Sst","Inh"
"1060",7106.03643386939,9421.05892286673,"query.iter3_cl4","cl69_e70_Depdc7_L5_PT",0.7807109869595,"L5 PT","Ex"
"1061",8624.14798870959,15885.4211173685,"query.iter3_cl1","cl197_e24_Cfap54_L23_IT",0.989931624224827,"L2/3 IT","Ex"
"1066",4947.00889514773,16716.3108017291,"query.iter3_cl3","cl181_e28_Nfkbid_L23_IT",0.5,"L2/3 IT","Ex"
"1072",2164.1422792691,11577.5998674171,"query.iter3_cl0","cl108_e49_NA_L4",0.761126095049772,"L4","Ex"
"1074",12519.3463173259,12795.180353057,"query.iter3_cl0","cl108_e49_NA_L4",0.770396341622423,"L4","Ex"
"1077",13525.5738109503,7483.61088676474,"query.iter2_cl1","cl185_i27_Slc4a7_Pvalb",0.926350430688662,"Pvalb","Inh"
"1079",12419.6417008196,15736.3613694182,"query.iter3_cl1","cl111_e48_Zar1l_L23_IT",0.934933159155966,"L2/3 IT","Ex"
"1080",17611.5266842055,13565.1060925035,"query.iter3_cl1","cl111_e48_Zar1l_L23_IT",0.934933159155966,"L2/3 IT","Ex"
"1083",9104.40306372774,6567.76950415414,"query.iter4_cl2","cl61_e77_Mir221_L6_IT",0.5,"L6 IT","Ex"
"1084",10322.4105231756,15462.8095361478,"query.iter3_cl1","cl163_e33_Nxf7_L4",0.837563951116237,"L4","Ex"
"1086",3349.12767988946,12640.7557955204,"query.iter2_cl2","cl1005_i24_Pcdhb20_Sst",0.922175654415973,"Sst","Inh"
"1087",1770.12281720379,12743.406846628,"query.iter2_cl2","cl1005_i24_Pcdhb20_Sst",0.988407198252632,"Sst","Inh"
"1089",11497.4696544229,15190.5760641093,"query.iter3_cl1","cl111_e48_Zar1l_L23_IT",0.7807109869595,"L2/3 IT","Ex"
"1092",4473.01178333316,13441.4646898972,"query.iter3_cl0","cl174_e30_Zfp433_L4",0.7807109869595,"L4","Ex"
"1097",17082.7889222706,13888.7634343383,"query.iter3_cl1","cl102_e53_Tmem74b_L23_IT",0.943794707672318,"L2/3 IT","Ex"
"1099",10520.5674707322,9272.61753979313,"query.iter2_cl2","cl1005_i24_Pcdhb20_Sst",0.988407198252632,"Sst","Inh"
"1102",15224.8953883775,14406.1735248285,"query.iter3_cl0","cl94_e57_Cyp39a1_L4",0.985136408346973,"L4","Ex"
"1105",16343.219202918,8682.10164963727,"query.iter3_cl4","cl69_e70_Depdc7_L5_PT",0.986806161200152,"L5 PT","Ex"
"1106",547.472189903281,13258.9487753445,"query.iter3_cl0","cl174_e30_Zfp433_L4",0.922175654415973,"L4","Ex"
"1108",13218.1085090262,17621.3305063261,"query.iter3_cl1","cl181_e28_Nfkbid_L23_IT",0.926350430688662,"L2/3 IT","Ex"
"1110",9217.70441592228,17093.2996034657,"query.iter3_cl3","cl181_e28_Nfkbid_L23_IT",0.5,"L2/3 IT","Ex"
"1112",7276.1258398631,3772.97295555791,"query.iter4_cl2","cl209_e22_Nphs1_L6_IT",0.5,"L6 IT","Ex"
"1113",16888.6081466546,16757.6026316549,"query.iter3_cl1","cl111_e48_Zar1l_L23_IT",0.798608152876762,"L2/3 IT","Ex"
"1115",12892.2003084818,15156.6797336125,"query.iter3_cl1","cl181_e28_Nfkbid_L23_IT",0.926350430688662,"L2/3 IT","Ex"
"1117",12192.5395385216,15015.7520528296,"query.iter3_cl1","cl181_e28_Nfkbid_L23_IT",0.80535786345117,"L2/3 IT","Ex"
"1118",9348.68272170343,4885.19232759175,"query.iter2_cl0","cl1007_i56_NA_Pvalb",0.5,"Pvalb","Inh"
"1121",12987.5796095275,9708.82169445389,"query.iter3_cl4","cl69_e70_Depdc7_L5_PT",0.770396341622423,"L5 PT","Ex"
"1122",3280.59698858706,8381.61956025372,"query.iter3_cl4","cl69_e70_Depdc7_L5_PT",0.985136408346973,"L5 PT","Ex"
"1124",10412.6551651397,10581.9962975452,"query.iter3_cl4","cl20_e142_Rap2a_L5_PT",0.765641708776896,"L5 PT","Ex"
"1127",10092.1029695809,11815.9192840025,"query.iter3_cl2","cl70_e70_Abca12_L5_NP",0.5,"L5 NP","Ex"
"1128",17418.1378257898,14915.6696152291,"query.iter3_cl3","cl181_e28_Nfkbid_L23_IT",0.5,"L2/3 IT","Ex"
"1129",15333.1118673755,9875.43853203407,"query.iter3_cl4","cl69_e70_Depdc7_L5_PT",0.985136408346973,"L5 PT","Ex"
"1130",11255.4141830272,12253.3083565052,"query.iter3_cl2","cl70_e70_Abca12_L5_NP",0.5,"L5 NP","Ex"
"1131",8816.24434132619,6740.64021890234,"query.iter3_cl6","cl156_e35_Gpr139_L6_CT",0.934933159155966,"L6 PT","Ex"
"1138",17026.868528881,9069.54046501096,"query.iter3_cl4","cl69_e70_Depdc7_L5_PT",0.775411399194855,"L5 PT","Ex"
"1143",11861.1036529825,15506.9575086018,"query.iter2_cl3","cl63_i73_Tac2_Vip",0.761126095049772,"Vip","Inh"
"1144",10968.5744010238,9497.94378711035,"query.iter2_cl1","cl49_i90_Gpr149_Pvalb",0.792276351763248,"Pvalb","Inh"
"1145",15500.7661068633,11119.2073056936,"query.iter3_cl5","cl78_e65_NA_L5_IT",0.926350430688662,"L5 IT","Ex"
"1146",700.452132048453,5123.56145024596,"query.iter4_cl2","cl2_e381_Rgs2_L6_IT",0.5,"L6 IT","Ex"
"1147",11121.5127988212,8704.28203542508,"query.iter2_cl2","cl11_i160_Pitpnc1_Sst",0.918082162374123,"Sst","Inh"
"1149",11047.7404240753,16802.1896889043,"query.iter3_cl1","cl163_e33_Nxf7_L4",0.837563951116237,"L4","Ex"
"1150",2745.81726210533,8613.78718194285,"query.iter3_cl4","cl20_e142_Rap2a_L5_PT",0.5,"L5 PT","Ex"
"1155",5472.36490975331,17213.1011486383,"query.iter3_cl3","cl181_e28_Nfkbid_L23_IT",0.5,"L2/3 IT","Ex"
"1159",17256.0326594538,13257.2242258971,"query.iter3_cl0","cl108_e49_NA_L4",0.939332374820759,"L4","Ex"
"1164",16886.6752572509,9287.2768115976,"query.iter3_cl4","cl44_e96_Chrna6_L5_PT",0.5,"L5 PT","Ex"
"1168",3811.78696883032,9656.6981074041,"query.iter3_cl4","cl69_e70_Depdc7_L5_PT",0.7807109869595,"L5 PT","Ex"
"1172",8494.640673498,13514.5430013493,"query.iter3_cl0","cl94_e57_Cyp39a1_L4",0.765641708776896,"L4","Ex"
"1173",12322.7367641703,13411.2170451736,"query.iter3_cl0","cl1_e421_Cst3_L4",0.775411399194855,"L4","Ex"
"1178",13731.2687693876,18635.8212480095,"query.iter3_cl1","cl111_e48_Zar1l_L23_IT",0.775411399194855,"L2/3 IT","Ex"
"1180",9543.03318170249,5765.60728692045,"query.iter3_cl6","cl156_e35_Gpr139_L6_CT",0.934933159155966,"L6 PT","Ex"
"1185",16281.7444769336,16930.3131833434,"query.iter3_cl1","cl211_e22_Ascl5_L23_IT",0.798608152876762,"L2/3 IT","Ex"
"1186",12398.0663855108,14794.6497424645,"query.iter3_cl1","cl111_e48_Zar1l_L23_IT",0.934933159155966,"L2/3 IT","Ex"
"1194",1077.877148921,7987.76274130254,"query.iter3_cl4","cl69_e70_Depdc7_L5_PT",0.775411399194855,"L5 PT","Ex"
"1197",8578.9841900627,11967.736941174,"query.iter3_cl5","cl163_e33_Nxf7_L4",0.983405469893637,"L4","Ex"
"1203",9218.58472494911,11717.5135755176,"query.iter3_cl5","cl78_e65_NA_L5_IT",0.80535786345117,"L5 IT","Ex"
"1209",10994.4910335076,17478.8634243841,"query.iter3_cl1","cl197_e24_Cfap54_L23_IT",0.986806161200152,"L2/3 IT","Ex"
"1212",15374.5960755597,8928.68366597342,"query.iter3_cl2","cl70_e70_Abca12_L5_NP",0.5,"L5 NP","Ex"
"1214",15493.1668237678,15520.7515198955,"query.iter3_cl1","cl181_e28_Nfkbid_L23_IT",0.80535786345117,"L2/3 IT","Ex"
"1215",10199.2708092713,9773.68894678885,"query.iter3_cl4","cl20_e142_Rap2a_L5_PT",0.765641708776896,"L5 PT","Ex"
"1216",792.844462706562,11149.5245618246,"query.iter3_cl0","cl174_e30_Zfp433_L4",0.922175654415973,"L4","Ex"
"1219",14299.5082463713,7317.78609681621,"query.iter3_cl6","cl17_e147_Gng12_L6_CT",0.80535786345117,"L6 PT","Ex"
"1221",13075.1991923418,9269.84142879226,"query.iter3_cl4","cl44_e96_Chrna6_L5_PT",0.775411399194855,"L5 PT","Ex"
"1229",822.535889578385,18020.1261506435,"query.iter3_cl3","cl111_e48_Zar1l_L23_IT",0.5,"L2/3 IT","Ex"
"1230",15696.3716740304,10807.8152530177,"query.iter3_cl5","cl174_e30_Zfp433_L4",0.798608152876762,"L4","Ex"
"1235",4934.99806607056,17355.2704619091,"query.iter3_cl1","cl181_e28_Nfkbid_L23_IT",0.770396341622423,"L2/3 IT","Ex"
"1237",10710.3591612286,20389.4637999071,"query.iter2_cl3","cl36_i104_Rspo4_Vip",0.939332374820759,"Vip","Inh"
"1242",14516.4111698736,9929.55566809312,"query.iter3_cl4","cl69_e70_Depdc7_L5_PT",0.939332374820759,"L5 PT","Ex"
"1253",8793.43443872935,10432.0698980956,"query.iter3_cl4","cl69_e70_Depdc7_L5_PT",0.962036518508721,"L5 PT","Ex"
"1257",12532.277718287,268.181625002804,"query.iter3_cl4","cl69_e70_Depdc7_L5_PT",0.939332374820759,"L5 PT","Ex"
"1262",8527.37257189112,13016.0532495651,"query.iter3_cl0","cl1_e421_Cst3_L4",0.922175654415973,"L4","Ex"
"1263",7024.64567026575,7607.5284684176,"query.iter3_cl5","cl1008_e40_NA_L5_IT",0.957450033742165,"L5 IT","Ex"
"1265",15382.6287105532,10829.4392431193,"query.iter2_cl1","cl135_i42_Ostn_Pvalb",0.939332374820759,"Pvalb","Inh"
"1270",2799.4387974795,9785.22385849148,"query.iter3_cl5","cl4_e253_Lgmn_L5_IT",0.989931624224827,"L5 IT","Ex"
"1277",5027.50668003298,3637.23562246858,"query.iter2_cl3","cl18_i146_Car4_Vip",0.765641708776896,"Vip","Inh"
"1284",15731.252391722,16055.8809282371,"query.iter3_cl3","cl181_e28_Nfkbid_L23_IT",0.5,"L2/3 IT","Ex"
"1285",11861.961305118,9117.00251771104,"query.iter2_cl1","cl49_i90_Gpr149_Pvalb",0.939332374820759,"Pvalb","Inh"
"1290",6905.73411009932,19411.6904095688,"query.iter2_cl3","cl18_i146_Car4_Vip",0.765641708776896,"Vip","Inh"
"1291",8674.90508843354,8653.85257684393,"query.iter3_cl4","cl44_e96_Chrna6_L5_PT",0.775411399194855,"L5 PT","Ex"
"1292",13166.4170931611,4286.24973827079,"query.iter4_cl2","cl209_e22_Nphs1_L6_IT",0.5,"L6 IT","Ex"
"1293",17102.7443028091,12965.3757283961,"query.iter3_cl0","cl108_e49_NA_L4",0.939332374820759,"L4","Ex"
"1298",3684.05958605518,13201.3637799058,"query.iter3_cl0","cl163_e33_Nxf7_L4",0.775411399194855,"L4","Ex"
"1301",10036.7030410778,9972.03769900015,"query.iter3_cl4","cl190_e26_Cdh15_L5_PT",0.5,"L5 PT","Ex"
"1302",13795.9661492994,7434.88797931973,"query.iter2_cl1","cl160_i34_NA_Pvalb",0.7807109869595,"Pvalb","Inh"
"1303",16806.8942610504,8358.55862978961,"query.iter3_cl4","cl69_e70_Depdc7_L5_PT",0.5,"L5 PT","Ex"
"1304",6722.19196196526,5833.53925862846,"query.iter4_cl2","cl101_e53_Zmiz1os1_L6_IT",0.5,"L6 IT","Ex"
"1308",4308.88456914875,11384.9721564961,"query.iter2_cl1","cl135_i42_Ostn_Pvalb",0.80535786345117,"Pvalb","Inh"
"1309",10922.8622930334,13189.186740843,"query.iter3_cl0","cl94_e57_Cyp39a1_L4",0.992717841929891,"L4","Ex"
"1316",9007.46658169498,12880.9429615765,"query.iter3_cl0","cl94_e57_Cyp39a1_L4",0.992717841929891,"L4","Ex"
"1320",12760.9965592776,11375.1084627991,"query.iter3_cl5","cl1008_e40_NA_L5_IT",0.939332374820759,"L5 IT","Ex"
"1321",14936.664373318,15030.4918174114,"query.iter3_cl1","cl6_e204_Exosc4_L23_IT",0.926350430688662,"L2/3 IT","Ex"
"1322",13305.9021805003,12398.3081298524,"query.iter2_cl3","cl151_i35_Gpr63_Lamp5",0.922175654415973,"Lamp5","Inh"
"1323",13536.4342498531,9179.78936175818,"query.iter2_cl3","cl36_i104_Rspo4_Vip",0.939332374820759,"Vip","Inh"
"1330",16708.1485460627,11719.8441797662,"query.iter3_cl5","cl163_e33_Nxf7_L4",0.983405469893637,"L4","Ex"
"1333",12808.6705840542,8761.94647084896,"query.iter3_cl4","cl20_e142_Rap2a_L5_PT",0.765641708776896,"L5 PT","Ex"
"1334",2854.39181126427,11441.4936552657,"query.iter3_cl0","cl1_e421_Cst3_L4",0.983405469893637,"L4","Ex"
"1335",7170.07348411516,13021.7483335203,"query.iter3_cl0","cl94_e57_Cyp39a1_L4",0.765641708776896,"L4","Ex"
"1336",5153.48211611717,5346.01916855878,"query.iter3_cl6","cl17_e147_Gng12_L6_CT",0.80535786345117,"L6 PT","Ex"
"1337",13897.9434674286,6592.33475368598,"query.iter4_cl2","cl209_e22_Nphs1_L6_IT",0.5,"L6 IT","Ex"
"1345",10616.4615967885,7112.52310734065,"query.iter3_cl6","cl187_e26_Teddm2_L6_CT",0.7807109869595,"L6 PT","Ex"
"1346",1128.97754431972,4453.81526827328,"query.iter3_cl6","cl156_e35_Gpr139_L6_CT",0.934933159155966,"L6 PT","Ex"
"1350",9494.25498367112,11610.0346165209,"query.iter3_cl5","cl78_e65_NA_L5_IT",0.7807109869595,"L5 IT","Ex"
"1351",10161.2293958335,9379.25812235012,"query.iter3_cl4","cl179_e29_Cldn23_L5_PT",0.756830429353618,"L5 PT","Ex"
"1353",12625.9798983846,8764.15585237076,"query.iter3_cl4","cl20_e142_Rap2a_L5_PT",0.80535786345117,"L5 PT","Ex"
"1355",8548.23270220808,13901.5331509127,"query.iter3_cl0","cl174_e30_Zfp433_L4",0.7807109869595,"L4","Ex"
"1356",17482.9264107234,11416.3828764101,"query.iter2_cl2","cl248_i20_Lsmem1_Sst",0.837563951116237,"Sst","Inh"
"1357",8835.82625639456,17372.0188035546,"query.iter2_cl2","cl1005_i24_Pcdhb20_Sst",0.926350430688662,"Sst","Inh"
"1358",8667.4924016824,5119.1531008618,"query.iter4_cl2","cl8_e168_Adam8_L6_IT",0.5,"L6 IT","Ex"
"1359",8344.73361958237,14743.5865631587,"query.iter3_cl1","cl102_e53_Tmem74b_L23_IT",0.939332374820759,"L2/3 IT","Ex"
"1360",8637.30105180887,5456.88693219837,"query.iter4_cl2","cl2_e381_Rgs2_L6_IT",0.5,"L6 IT","Ex"
"1365",13479.4661075925,7246.12966754045,"query.iter3_cl6","cl156_e35_Gpr139_L6_CT",0.926350430688662,"L6 PT","Ex"
"1366",8339.87133940237,16525.9078245527,"query.iter3_cl3","cl181_e28_Nfkbid_L23_IT",0.5,"L2/3 IT","Ex"
"1368",9255.14968477717,9859.09887208096,"query.iter3_cl4","cl69_e70_Depdc7_L5_PT",0.80535786345117,"L5 PT","Ex"
"1378",14344.5945360879,14829.5593430054,"query.iter3_cl1","cl111_e48_Zar1l_L23_IT",0.934933159155966,"L2/3 IT","Ex"
"1381",15294.6206979849,7193.05275535014,"query.iter3_cl6","cl156_e35_Gpr139_L6_CT",0.837563951116237,"L6 PT","Ex"
"1386",10774.8736926388,6626.09283200554,"query.iter3_cl6","cl156_e35_Gpr139_L6_CT",0.934933159155966,"L6 PT","Ex"
"1387",1036.5480675453,10314.9833647021,"query.iter2_cl2","cl97_i57_Pdyn_Sst",0.765641708776896,"Sst","Inh"
"1388",3452.245140303,8842.15325200058,"query.iter3_cl4","cl20_e142_Rap2a_L5_PT",0.770396341622423,"L5 PT","Ex"
"1392",592.141353168437,5382.99461410235,"query.iter2_cl2","cl11_i160_Pitpnc1_Sst",0.918082162374123,"Sst","Inh"
"1393",14315.0306698101,7760.30453402984,"query.iter4_cl2","cl101_e53_Zmiz1os1_L6_IT",0.5,"L6 IT","Ex"
"1396",9395.7472091709,9388.00308411335,"query.iter3_cl4","cl69_e70_Depdc7_L5_PT",0.7807109869595,"L5 PT","Ex"
"1397",8110.68653074599,15829.982582651,"query.iter2_cl0","cl1007_i56_NA_Pvalb",0.5,"Pvalb","Inh"
"1398",13777.6073274253,291.924280447162,"query.iter2_cl0","cl1007_i56_NA_Pvalb",0.5,"Pvalb","Inh"
"1399",3634.85107083966,11073.2074052523,"query.iter3_cl3","cl102_e53_Tmem74b_L23_IT",0.5,"L2/3 IT","Ex"
