"sample_name","subclass","rmax","x","y"
1,"Pvalb",0.2383426252375,1230.34806066844,8321.38614631524
2,"L6 PT",0.750726031515994,13107.0389729132,7263.14650852598
3,"L2/3 IT",0.544853921980104,17216.6669095409,17410.2057445308
4,"L6 PT",0.791977793604758,12890.3446636428,7560.74293949012
5,"L2/3 IT",0.772247794484868,10870.6928927833,15522.1084105173
6,"L4",0.838010827660565,11459.7926671793,13984.5495243852
7,"Pvalb",0.726917223813017,1509.59336619264,13619.1382826171
8,"L4",0.659260274036117,790.713332831734,11995.3023721535
9,"L6 IT",0.723576614360302,1981.07094252347,5427.00533241927
10,"L6 PT",0.780563570345534,2497.62320744532,4560.4612368366
12,"L2/3 IT",0.794229649844145,13418.676828425,17893.9610847555
13,"L6 IT",0.851928555313419,1612.73601914613,5646.82598474896
14,"L5 IT",0.424019834468944,543.487629583043,10656.2593234866
16,"L2/3 IT",0.804215171935192,3963.43292680452,16931.3864649567
17,"L5 IT",0.748285384690126,7253.63241196697,11112.4963690428
18,"L2/3 IT",0.54619704695517,6426.05583969009,16626.0166535749
19,"L5 PT",0.465216664379313,2155.56206119955,8698.54245263948
20,"L5 PT",0.662154823569202,14344.7932195939,9494.04509876828
21,"L6 IT",0.597630878173989,12633.2071190213,5620.62921362129
22,"L5 IT",0.373914206511326,13412.0043717768,8555.1989818611
24,"L5 IT",0.651357552070514,2305.22889227069,10531.862829292
25,"L5 IT",0.471364270283535,10299.2220354986,8972.42366747023
26,"Sst",0.821546918528717,7272.50304978406,10286.4817196287
27,"L5 PT",0.223222354815332,11699.8547032068,10657.2044295865
28,"L5 PT",0.533539505861724,5004.90096863505,9425.41865108454
29,"L4",0.380038941006654,14092.9277796538,14618.2589093867
30,"L4",0.687098906127472,181.683992450456,11471.1636045213
31,"L2/3 IT",0.824646417822554,9392.66080741509,17541.2696549207
32,"L6 PT",0.777212731178204,7358.41797127677,5417.71218041791
33,"L2/3 IT",0.581079078888377,9235.08393759635,15107.969690166
35,"L5 IT",0.801812904855207,13457.1232556498,12275.2861724612
36,"L6b",0.612265890095295,12145.1820563995,3921.82827407552
37,"L6b",0.402397148825982,11117.329129677,6979.83864188672
38,"L5 IT",0.790466319112672,16678.8909440758,10722.9169634425
39,"L4",0.792602328083344,12492.5541386437,13810.7916118949
40,"L6 PT",0.381153769332941,6752.86906311137,3881.75366994794
41,"L2/3 IT",0.569640956692839,10422.4905314633,16484.424604207
42,"L2/3 IT",0.778295612799067,15273.2431568446,17104.4490935782
43,"L5 PT",0.61240226322059,5997.55161966099,9225.96156594413
44,"Pvalb",0.564249136202833,15415.3537380314,10405.791457976
45,"L5 PT",0.638632506208948,6244.04635950058,9575.29139181813
46,"Pvalb",0.737794241932288,9995.40480748026,4846.04542859158
47,"L4",0.595887553614708,9509.18493859874,14749.9301137548
48,"L4",0.359378435633263,11761.8249604597,12628.9846555224
49,"L6 IT",0.552063763169965,320.986456951281,5450.22935328769
50,"L6 PT",0.793941107586843,8217.03813902593,7184.42193776065
51,"L2/3 IT",0.421013442741094,16394.3530660038,13534.6345756691
52,"Sst",0.813605785165277,5209.12932806374,15212.7173985016
53,"L5 IT",0.600244097255199,455.466315615208,9902.77559974296
54,"L4",0.616097613078794,465.92387206624,13752.8406819897
55,"L2/3 IT",0.732453207762868,8917.14488105865,17988.2187323802
56,"L5 PT",0.613344218970738,15982.5983300908,9272.01827496733
58,"L6 IT",0.813360766249714,9898.42765811122,5664.79221457083
59,"Sst",0.714231899999266,13105.1947239976,12919.0979557826
60,"L6b",0.342185637799794,11749.797892211,5782.04171621197
61,"Pvalb",0.73786713670535,16269.3614786705,12987.3644209321
62,"Sst",0.810922293751814,13836.9786030055,12283.6783242774
63,"L6 IT",0.968481764804947,8917.98182205257,4612.2194804373
64,"L2/3 IT",0.77265320717614,11025.0948118128,14398.8626870499
66,"Pvalb",0.729645228452628,10695.5312312968,10648.45738839
67,"L5 IT",0.403919449178487,4688.90844449359,14409.3445454569
68,"L4",0.610196786532915,16317.614663682,17795.9868960436
69,"Sst",0.532284067890928,2312.38487476565,6921.12392066004
70,"L5 PT",0.837714131567895,12365.7152653026,9476.95468507774
71,"L4",0.747182340550156,8801.92565650151,15021.9735115626
72,"L6 IT",0.435279343124771,16644.769625201,6640.10337756505
73,"L2/3 IT",0.77055824161518,11982.9004001616,17011.7157923232
74,"L2/3 IT",0.856933859973071,9141.25119726733,16693.9753045438
75,"L6 IT",0.341136049832993,1937.76181676301,5241.50908980802
76,"L5 PT",0.621644149815296,13192.0457661861,10087.9971912419
77,"L5 PT",0.840352739860833,6626.36351910383,9560.4072245718
78,"L6 PT",0.779236484497073,13835.166115266,4853.00059050454
80,"Pvalb",0.755678896105173,10181.8307192288,14659.8668074058
81,"L5 IT",0.402535365725478,13584.5085405458,12228.9830797136
82,"L4",0.795172432855612,8167.88796553073,11319.1908737709
83,"L6 PT",0.625345941030355,12327.5774178129,5192.72845339887
84,"Lamp5",0.616261718401583,14757.4393548639,17056.3388017353
85,"L2/3 IT",0.534983736032461,10945.8818055246,19627.7936016096
87,"L4",0.759432432626638,14498.2459579139,13438.1265760975
88,"L2/3 IT",0.619185929862691,12873.1155310742,17286.8037155726
89,"L2/3 IT",0.568774187269791,2690.21777816248,14827.1568513552
90,"L6 PT",0.221984815620441,6789.48977709462,553.781411432734
91,"Sst",0.487838367022549,13508.9420715386,17515.1452225072
92,"L2/3 IT",0.388656300059255,10307.0626561965,16903.4783023093
93,"L2/3 IT",0.391833342285838,16387.4586155148,14422.6884159241
94,"L4",0.754128541984889,2541.11613240245,12844.992875564
95,"L2/3 IT",0.750328965774241,13438.283025252,14938.1736296728
96,"L4",0.351112014056078,5251.07950710676,13917.8406192428
97,"L6 PT",0.589053221579824,9850.51135070229,6331.54134037152
98,"L2/3 IT",0.560874138593035,965.58048706622,16814.3010172815
99,"L4",0.512514103811944,7469.23400097641,11770.4531188843
100,"L2/3 IT",0.561979438786253,10886.6319184127,16490.3517363206
101,"Sst",0.918200116310371,9320.25753234898,6621.00446308029
102,"L5 PT",0.88456272227744,9093.92764910012,9084.23954076819
103,"L5 IT",0.632946052550297,17514.9570370573,10496.5341265581
104,"L5 IT",0.598278290823819,17641.1035190955,10672.9605810385
105,"L4",0.370339826239946,17584.6030715395,13347.7786154831
106,"L4",0.642386077167922,12795.1697432741,13393.8511313142
107,"L2/3 IT",0.547887048870974,3084.45613216325,14534.6261270828
108,"L4",0.635966778826257,4420.6098561167,13546.7213105788
109,"Sst",0.829542750615896,12550.2555946819,10673.4998318346
110,"L5 IT",0.741773173661625,10433.25847227,11275.7335450964
111,"L5 IT",0.597609108853019,16885.7198256623,10700.0910000071
112,"Sst",0.585339856906916,15248.3403727946,1264.02368108415
113,"Lamp5",0.885389986058813,14809.1542006809,19226.9555873415
114,"L2/3 IT",0.791930797585208,15320.5066517775,16590.6986999711
115,"L6b",0.572032215527098,6613.45678351878,3558.21624909829
116,"L6 PT",0.371706927277832,10705.0523151302,7956.08372124169
117,"L5 IT",0.833833972651592,4988.88567158793,12523.2035396389
118,"L6 PT",0.742927906568536,6155.63013109573,5842.7983001776
120,"L4",0.414216464902162,12835.0036743488,12274.9847459538
121,"L5 PT",0.563429329664854,5723.61795750815,9000.24308343943
122,"L5 PT",0.584583861998313,14705.6422398164,8870.10286796717
123,"L4",0.881217527681373,9508.05158097451,15127.577012587
124,"L2/3 IT",0.770871388120683,3330.03509025767,16811.1050858409
125,"L6 PT",0.450161796730561,1659.14665586401,4375.82085055375
126,"L5 IT",0.902582926538193,13051.2338521637,11023.4440320876
127,"L6 PT",0.371639694981358,12250.1668688797,9715.34734010909
128,"L4",0.587382505845414,15418.3513428583,13346.3045807617
129,"L2/3 IT",0.726653348599197,15934.3697781803,15292.9777537158
130,"L2/3 IT",0.543964964335139,11258.1153685453,13923.8257440379
131,"L2/3 IT",0.379847075267511,10581.6037826993,14775.5435946341
132,"L4",0.370346354917904,11248.1307967791,7559.80575081886
133,"L6 IT",0.751808050565078,4804.93286727482,7396.23308397187
134,"L4",0.489060024024797,512.025302836592,12990.4322546769
135,"L4",0.578529542294412,130.453063059862,13177.8453865534
136,"L2/3 IT",0.56188873592858,6673.33227203479,17127.8512228511
137,"L4",0.715805638145503,2804.55340796295,12556.9469933446
138,"L5 IT",0.819458315552982,14297.4074746383,11130.6619755309
139,"L2/3 IT",0.760439930162051,6916.41867268142,17952.2831509247
140,"L5 PT",0.603710949930211,4180.10602899924,9865.63557156865
141,"L2/3 IT",0.542486368813132,10877.9734258582,15071.2530702747
142,"L2/3 IT",0.585204803967663,3588.01538990474,14726.5469614531
143,"L4",0.842004195150924,1223.59472456413,12234.7639298253
144,"L5 PT",0.750851058148653,3659.29866254111,9921.20881601563
145,"L2/3 IT",0.409750313789339,11508.0063022611,15825.0049711714
146,"L4",0.600545285667332,3861.98514184845,12783.0902300554
147,"L5 IT",0.914637113850116,654.077435068692,8773.12958053334
148,"L5 IT",0.596050891607838,9915.69028416801,8927.26409443034
149,"Pvalb",0.856563028155451,8699.931122702,16684.6841871292
151,"Pvalb",0.760744623800765,497.101461673266,507.837127478353
152,"L4",0.340085459064946,16174.2106457291,10969.3871466953
153,"L5 PT",0.73480833539613,4233.20699354793,8730.3475704928
154,"Sst",0.659365037158041,13428.1375051854,5143.81856754602
155,"L6 IT",0.639219021760486,15732.138155824,7166.24690532468
156,"Pvalb",0.737635220182128,9592.01127604935,11239.4630317958
157,"Lamp5",0.662062906927974,1804.5330379613,5515.30267836591
159,"L5 IT",0.703811259279688,13695.0964880582,9134.13509551983
160,"Pvalb",0.704331163632835,15650.9663594778,9340.69632087976
161,"L2/3 IT",0.592055705654883,6535.78145321314,15131.215867917
162,"L2/3 IT",0.719107628445147,4509.15485403737,17376.2393265918
163,"L4",0.39742863137369,14259.143569742,14286.7272444903
164,"L4",0.861365252632296,9159.74879748886,14855.6500193501
165,"L2/3 IT",0.844287453359175,8132.20812765489,16691.8928124627
166,"L5 IT",0.614796438794804,13088.0561886719,10432.2454596517
168,"Pvalb",0.753123399858655,76.6957375916344,9297.48228234438
169,"L5 IT",0.598953528622496,16719.5494315254,11031.1165665756
170,"L4",0.398376049052501,8703.17461295236,15232.7069770075
171,"Lamp5",0.844249236627597,10786.1794696756,19280.5868533726
172,"L4",0.786267480975078,3782.96448472943,13549.7334955278
173,"L2/3 IT",0.789725246748934,13756.3597173306,17434.1071685346
174,"L2/3 IT",0.569122104375656,15491.9227866943,14260.2231953321
175,"L2/3 IT",0.393890211920753,14416.8944182041,16539.0340372769
176,"L5 PT",0.882756002923829,6325.94310062398,9127.0920223856
177,"Lamp5",0.766342345607826,12307.4714873151,19397.2091709402
178,"L5 PT",0.874928579656208,13393.2749468423,9634.10903572773
179,"L6 IT",0.635625761946655,7176.93300566262,7137.96719799762
180,"L5 IT",0.729664278535379,13024.5785383455,11553.9357672399
181,"L2/3 IT",0.58563721029264,15102.9683367363,15960.4838541491
182,"Pvalb",0.867420547414905,11659.9941964386,7878.12195505102
184,"L5 PT",0.841149046396046,6740.13625272471,9824.31848915278
185,"L6b",0.483113108337081,1037.02969903154,5449.78950424115
186,"L5 IT",0.214290163818166,10883.2991289313,12966.4194301672
187,"L6b",0.62358457047491,8567.29517507262,3838.87186288001
188,"Sst",0.888220687124199,9378.50582738085,7351.79677026939
189,"Pvalb",0.739391458951137,4234.54994460026,4221.66329101501
190,"Pvalb",0.854981518339302,11756.4598919193,9265.89425948799
191,"L5 PT",0.672324774841212,11528.5848659732,9605.72281850886
192,"L4",0.868434323280725,98.5031311512185,13364.1452203838
193,"L4",0.76545925127287,5384.81267094717,12551.6907218848
194,"L6 IT",0.497260137858018,8805.51517886782,6399.50877353391
195,"Pvalb",0.733424329396715,17159.2406525935,9315.06927657984
196,"L5 NP",0.475145278698184,15441.7936759839,11418.8859381133
197,"L2/3 IT",0.700670615740189,8090.82915530934,16373.0152461431
198,"Pvalb",0.858552374000229,4219.00783382248,966.98237972805
199,"L6 PT",0.786324118480774,12428.2049635634,7184.71954358286
200,"Sst",0.916726402843123,16788.05375863,7314.16328388273
201,"L5 IT",0.238929760220801,12186.95564738,7476.28923007684
202,"L6 IT",0.546351589024674,15221.8053230297,5332.92150685778
203,"L4",0.377043058018548,9362.93529792841,15619.2080286436
204,"L5 IT",0.822085691365145,9474.19184369702,9962.3667827695
206,"L6 IT",0.562650475415053,12842.3387353524,6039.96227703561
207,"L6b",0.219302482237569,14152.495366061,10213.3002812676
208,"L5 IT",0.588099298909119,10866.5382162304,9987.26924245196
209,"L4",0.594184178553749,14220.9504952281,15429.8114930725
210,"L4",0.364034660040332,4021.80290307126,13179.0628120274
211,"L4",0.76113846472736,3070.66090872325,12556.4805039286
212,"Pvalb",0.719439129412217,10586.1769697962,8924.11596340168
213,"L2/3 IT",0.538281816921695,968.095270867351,15966.2504064005
214,"L6 PT",0.351285525658571,15535.0267052668,7553.84333363981
215,"L2/3 IT",0.807980968700706,6954.64829571647,15568.5683646708
216,"L2/3 IT",0.56208297906935,8857.13008268613,13843.3354845661
217,"L2/3 IT",0.594719511061693,8861.70404874422,15693.4716954927
218,"L5 IT",0.623062194676858,10964.4660397192,9227.64297060344
219,"L5 PT",0.86786451079942,7121.05787099483,8855.40443314305
220,"L2/3 IT",0.404997840922644,14231.3792541548,13602.5084507471
221,"L6 PT",0.781260156069276,16290.712403196,6730.41220477129
222,"L6 IT",0.222944119885785,4480.83800172402,14910.3459096029
223,"Pvalb",0.813159070101351,9130.59552338522,9465.8858505151
224,"L2/3 IT",0.784351848842082,7406.85029114511,17032.4525375157
225,"L4",0.384590078929549,12014.4302009961,11540.302359244
228,"L4",0.579171339591233,659.276599423704,11087.2715091173
229,"L2/3 IT",0.347010927668969,3686.63070507596,18028.9764406405
230,"L5 IT",0.584036658302106,14556.3066904314,12265.5135255998
231,"Pvalb",0.7544862052051,15552.0870325126,7265.20177987523
232,"L5 PT",0.842788375001427,3441.91268608706,7928.71256339819
233,"L6 PT",0.802193418544089,12122.8512148913,6726.02974708176
234,"Sst",0.646138168083104,1207.03255353361,6840.87734320929
235,"L2/3 IT",0.744032847565928,14190.6207587261,17245.1979236213
236,"L5 IT",0.811800377362518,9189.41405120287,8550.29026167536
237,"L4",0.637458482325764,13650.6030061458,13601.4533867998
238,"L2/3 IT",0.549945818259323,5071.45256781398,16354.794556992
240,"L2/3 IT",0.781036989078168,17161.504499744,16304.1594249628
242,"L6 PT",0.799532894017506,12973.2903384001,6939.24671347735
243,"Sst",0.881370280633342,15791.1723281756,7897.30181732304
244,"L2/3 IT",0.338259489641315,9302.81869119121,14662.8333110217
245,"L6 IT",0.782606699315713,11016.4714115323,6208.86094304055
246,"Lamp5",0.609518197985123,13033.9665525266,14191.9683207362
247,"L6 IT",0.52830169058538,14876.1278395783,5107.22738661446
248,"L2/3 IT",0.546708978478726,493.780864751161,14553.5182224042
249,"L6 IT",0.2281995747375,5420.39634379614,9673.10488689536
250,"L4",0.699263222097946,8923.15592665381,13750.8739870844
253,"Lamp5",0.788208673135669,14526.4734752527,18996.8217452897
254,"L5 IT",0.773120402722022,9722.80384562839,12687.3905558316
255,"L6 PT",0.590469274789496,4343.75907265199,8442.03466380856
256,"L4",0.665962267654421,7533.76861316363,14572.4501211344
257,"L2/3 IT",0.592906164806333,15638.8814872215,15102.7339661916
258,"L2/3 IT",0.713216600273835,13354.2392996666,16957.9502598837
259,"L4",0.572311869173632,1313.04376650968,13401.9133017608
260,"L5 PT",0.612044072654519,16195.4878379162,9970.86596451628
261,"L4",0.817241796550025,4855.06954343449,13668.1562550392
262,"L5 IT",0.883356933567926,11520.4836664258,11663.9325995709
263,"L2/3 IT",0.397541770461342,14773.0847052242,17288.1742463738
264,"Lamp5",0.594631822822924,14375.6574216793,19217.0253686511
265,"L2/3 IT",0.715881405258801,16786.5594593639,17559.3652154308
266,"Pvalb",0.750795990206545,2548.8220622437,14398.989304236
268,"L6 PT",0.413493706715332,11624.9088291906,6469.74327471927
269,"L2/3 IT",0.585094281030112,16856.7802743063,15357.0293391921
270,"Pvalb",0.724058399793165,12191.5642415211,16275.2316200602
271,"L6 IT",0.2453877444125,13505.6140246167,8688.84904023823
272,"L2/3 IT",0.370697480127583,11244.1624321633,15465.152410081
273,"L5 IT",0.428607623461915,6547.23493132542,10696.4695346632
274,"L4",0.548141088913403,5127.6110628116,13179.9602134557
275,"L2/3 IT",0.551251971390208,16914.4657097795,17408.5175917433
276,"L4",0.645730122266926,13036.5437271879,14744.9958038618
277,"L4",0.405478965178689,14254.4110920288,13477.7689397903
278,"L4",0.751414361177327,10718.5872072837,14033.2306257217
279,"L4",0.343428616242579,263.065191292188,10265.0202723233
280,"L2/3 IT",0.49212612000661,396.836209786951,17286.1602038125
281,"L2/3 IT",0.741906911795984,8411.74522545642,17007.9904344396
282,"L5 PT",0.527157470296436,9311.42018832606,10295.0350397482
283,"Sst",0.895389589961252,7258.2237038027,14408.9158671903
284,"L6 IT",0.463572863471741,10520.2398755548,6205.37437067016
285,"L4",0.790546185263489,9734.55043401189,14357.7701716597
286,"L6 PT",0.799700297250486,13757.2831576252,7023.88096126346
287,"Sst",0.858846927051717,12922.4383810124,9470.13760920921
288,"L6 PT",0.864192794508392,8802.37843352829,5415.51943466616
289,"L6 IT",0.42220210562437,11159.097232123,8245.42534520656
290,"L6 PT",0.438478664967468,2735.7528926128,5336.64517302817
291,"L4",0.782382155370756,10666.9274649485,13728.4708968256
292,"Vip",0.384141804508215,11257.8451696386,18070.4071844704
293,"L4",0.711232101419,8468.64056698834,12669.3124739063
294,"L2/3 IT",0.585967962910178,16000.6124686295,17450.34197622
296,"L4",0.637680121086554,11312.990796523,13629.7123321953
297,"L4",0.775133319353833,5392.50025122625,14965.6010528159
298,"L6 PT",0.788755032220402,14636.7714627365,4464.36312781304
300,"L4",0.382735917344116,15219.9365110058,12676.1590102888
302,"Lamp5",0.659680846287555,3038.93469784562,18824.6479203222
303,"L5 IT",0.64587026194285,12063.5936558091,11167.8305031494
304,"L6 PT",0.579765458944806,3564.80444150527,9909.67422940132
306,"L6 PT",0.226160717306616,1711.76957552887,4913.22501977425
307,"L5 IT",0.805081051250993,15585.5783853404,10571.2719971063
308,"L4",0.572775745464599,1275.46366672981,11333.6194696593
309,"Sst",0.765244409986116,11662.3464949503,835.966569690446
310,"L4",0.764533882484885,15473.2948829202,13423.9146261493
312,"L6b",0.394212588670541,9416.43634489484,7092.73467671404
313,"L2/3 IT",0.409078745761244,4530.58836961494,15102.2740645043
314,"Macrophage",0.355991288929195,1520.27252598068,6448.60610029268
315,"L6b",0.488908781502693,1289.84660163584,2738.58169057826
316,"L6 IT",0.790844127671004,4540.73775346489,5798.79644451989
317,"Pvalb",0.38197212397166,16318.1578931849,9416.32828386749
318,"Sst",0.644298446641027,15239.334565103,8860.17593342525
319,"L2/3 IT",0.3973517200191,13013.0642041645,12483.9402804993
320,"L6 PT",0.588140970572236,1416.46825799835,5267.93487742005
321,"L6 PT",0.384062655518702,6338.50912428538,5795.55926894808
323,"L2/3 IT",0.411275994232077,16489.6453139056,15153.9017406553
324,"L6 IT",0.576333627798159,17018.4351053843,7189.95149453279
325,"Vip",0.684737640082476,13882.3974603672,13315.3824365648
326,"Lamp5",0.920338333571042,1334.34048772899,15357.4662558356
327,"L4",0.765630069077507,12882.1475556503,12478.0141654392
328,"Pvalb",0.740108883789887,13668.7380618695,5616.3741156527
330,"L5 PT",0.572928132180333,2701.50281685568,7905.47143715506
331,"L4",0.725071826883377,142.580227657989,10806.5072681594
332,"Sst",0.671997629627883,1298.47748410009,5871.37009257807
333,"L5 PT",0.458954393130996,7392.27160642897,391.317240157692
334,"Lamp5",0.82430238646191,13510.446292955,19207.0416200595
335,"L5 PT",0.872405445677591,5537.06802347095,10902.5763221819
336,"L5 PT",0.579757835292295,13711.8186531888,10021.2332319788
337,"L4",0.37164770615153,5036.57176381068,13117.5833654009
338,"L4",0.779433897837463,5198.9246014725,12645.6912248103
339,"L6b",0.358208335339128,4136.43577161273,3164.47330488004
340,"L4",0.578627084156121,1896.72136347926,13889.900018021
341,"L4",0.596830367074828,14855.2734540628,13306.3742246926
343,"Pvalb",0.750730728760175,15470.9357222206,9656.5945623249
345,"L4",0.608208741051421,2980.86892525362,12384.7211069267
346,"L2/3 IT",0.826714971702137,5331.30217722905,17515.423425806
349,"L6 IT",0.731049728190301,5430.59439719892,5343.22530941723
350,"L2/3 IT",0.556350363564448,3664.83807107891,15455.3465891741
351,"L4",0.622360093124796,12423.5115609933,13127.0516181862
352,"L2/3 IT",0.737469756570717,17576.3138077835,15876.6271689637
353,"L5 IT",0.657149997263042,17157.213839575,11883.4961569499
354,"Sst",0.666995728116859,16177.2191831757,3679.91329352433
355,"Pvalb",0.742493057299892,223.118336061385,16350.1545702007
357,"Pvalb",0.76863125879502,11586.0402053003,8677.78046259484
359,"L6 PT",0.761305326961056,3661.65536425489,4957.02640170967
360,"L4",0.582286310724713,8288.67485842023,12476.9790111401
361,"L4",0.828560212319187,12573.586478258,11998.4035146078
362,"L4",0.652672983755292,17761.348980419,12551.2448647117
363,"L4",0.430081664648449,13327.9639323005,11778.961437901
364,"L5 IT",0.379338541189946,1842.50851988442,11052.7937774652
365,"L2/3 IT",0.516136937900706,14462.6855687077,14559.7405554201
366,"L5 IT",0.404686688783148,13543.110541704,12855.2570551723
367,"L5 IT",0.874229881833049,9603.15496158801,10824.6504143053
369,"L6 PT",0.589756581291836,11053.2276345915,6752.60672497489
370,"L2/3 IT",0.689947241016109,591.064403197655,15773.8903813362
371,"L2/3 IT",0.68117837590904,14929.0852531874,18399.813242868
372,"L5 IT",0.77488535511129,12425.0422088907,11644.0097293883
373,"Lamp5",0.662464025969558,13853.2923367022,8340.74554187002
375,"L5 PT",0.793406634815201,14973.274569914,8601.99945487007
376,"L6 PT",0.832408996461952,15326.1729120248,6803.84742262721
377,"L4",0.579530561072274,448.9800639037,12737.546707342
378,"L2/3 IT",0.741911239957005,12895.1640705877,17651.5408010941
379,"L6 IT",0.7947516009904,8385.24852273625,7058.45385385347
380,"L5 PT",0.454946003063832,5621.07159203048,11171.9820157125
381,"L5 PT",0.293835991913173,15033.1391814718,9049.34356046621
382,"L4",0.607916157853995,10410.846966012,12188.7862680516
383,"L6 IT",0.507611888280522,10845.4152833611,6228.40646215049
384,"L4",0.743931980979301,10659.6153724017,13420.1625940929
385,"Sst",0.75213682297139,7211.33597634281,10841.2826931085
387,"L6 IT",0.823998064718076,12716.7847905872,5513.12044594249
388,"L4",0.769167427985072,6745.51507006932,13142.9359711365
389,"L6 PT",0.364260355114946,5418.17623943275,5818.61988478522
390,"L4",0.737901336205651,2696.12541279772,11802.8347782748
391,"L4",0.610296729647401,6931.51788388722,14644.2014529353
392,"L2/3 IT",0.734318355631656,14323.9862353532,17218.6524948105
393,"L2/3 IT",0.724571535855232,14602.0043568693,17267.1019938618
394,"L4",0.602380549484016,6872.33218728249,11752.0514132978
395,"L5 IT",0.869359006858125,4676.48857379386,10311.4926642022
396,"L4",0.541247237711596,3513.60717916797,11569.9071992975
398,"L2/3 IT",0.56621593536412,16157.3866708814,14546.1759784952
399,"Sst",0.400665715889553,11225.5788765257,12692.5886967135
400,"Pvalb",0.767705641222175,2956.9201872068,5936.57065080533
401,"L2/3 IT",0.717157395369515,10582.6398593384,17166.9671446346
402,"Pvalb",0.775519034845116,3444.02606107669,9549.22090559732
403,"L6 PT",0.552288585703371,16093.2780065369,6424.00513281978
404,"L6 IT",0.715810242040469,9847.66737740266,7572.99468063761
405,"L5 IT",0.647112798106812,6611.4686465612,7718.65430861143
406,"L5 PT",0.625077736169905,2709.48696013532,8967.85182160029
407,"L4",0.670564537363094,16651.7469902512,13337.2950318389
408,"L6 IT",0.372164033688892,12797.8438461998,6590.08853307615
409,"L4",0.641469966710444,1578.21493071151,11376.4597886874
410,"L5 NP",0.379747041661658,2481.65215434508,7171.81624928112
411,"L2/3 IT",0.557662485762315,13186.1714076481,15044.2948570242
412,"L6 PT",0.791295210565915,1701.85940903582,5278.29379238225
413,"L4",0.379157165475261,7285.40582114104,12690.6061343583
414,"L4",0.847874685651346,335.034661925507,12746.9374487284
415,"L2/3 IT",0.759038028593807,9396.58309218381,15924.8038589019
416,"L6 PT",0.520584307707071,13175.3999541308,4740.70386629534
417,"L4",0.65173828809996,8188.63537578792,14278.4822921766
418,"L5 IT",0.421401849381898,5822.3851850837,11183.9799455906
419,"L4",0.79672099741146,1425.80090907014,11792.8811691435
420,"Pvalb",0.708540442166816,11787.6730370205,13146.349469876
421,"Vip",0.423372342772677,3323.76227473962,17729.9303218818
422,"L6 IT",0.830447079227568,16645.4727668472,7971.4334577072
423,"Pvalb",0.598267181554433,2639.43695145466,10359.9650311451
425,"Lamp5",0.887323009378252,15609.8172488112,17455.0512250948
426,"L6 IT",0.58698558269959,11124.3294888728,7938.20320796553
427,"L5 IT",0.766323964019895,9847.02955421485,11049.5252133697
428,"L6 PT",0.460871322838946,13552.947055319,8385.4941983146
429,"Pvalb",0.814561317484421,4525.55845111484,9396.96034716902
430,"L4",0.750931896333222,8366.5974537585,14274.0762337128
431,"L6 PT",0.778648813089765,13934.6562962315,5091.56064616917
432,"L6 PT",0.787775204477862,12501.5440344517,6514.70195161287
433,"Pvalb",0.817686514307154,2171.44476144403,17484.0769312831
434,"L6 IT",0.610492119811646,562.462801151565,4952.76779206979
435,"L2/3 IT",0.747517820648788,11575.303553982,17353.2288250255
436,"L2/3 IT",0.601041619274424,11032.7018082886,17959.2530516379
437,"L5 IT",0.683759943370757,4685.62355710243,11229.592941789
439,"L5 IT",0.592764739740864,16223.2030494376,11309.9818103126
440,"L4",0.664430528313049,3568.92197737528,13382.5490046123
441,"L2/3 IT",0.596361426574333,1043.80054241216,17757.8165186025
442,"L5 IT",0.609457861225492,10223.7042001166,12708.5320227824
443,"Pvalb",0.791449566756403,15981.7203808937,9113.06254860851
444,"L5 IT",0.478836851233092,16882.8059647086,9780.01565318665
445,"L4",0.346776860739946,3614.30637479025,11219.7942651902
446,"L5 PT",0.248319768725,12986.6053385085,7545.40495561433
447,"L6 IT",0.243429180410024,8563.37903634406,10295.4556207469
448,"Pvalb",0.554920007475363,11047.2061332101,7536.44219948505
449,"Pvalb",0.909084731066688,13008.8771940567,8964.39808583454
450,"L5 IT",0.576505848359793,12726.4057741403,10240.2397551167
451,"L5 PT",0.438335635864946,12764.8553452225,8640.03724381453
452,"L2/3 IT",0.731076451258985,14116.9579636798,16693.1148585975
453,"L4",0.380165520670587,575.109456605946,11973.690607555
454,"L6 IT",0.415014499946712,15355.7671295685,8032.41174692643
456,"L6b",0.44233868648807,7772.28084570715,7203.14726627153
457,"L5 IT",0.833973769522846,3369.53361282042,10751.6976759099
458,"L4",0.457861852762372,8973.40797552881,12609.6739578921
459,"L2/3 IT",0.881333888222436,17118.6410752876,16611.6383234321
460,"L5 PT",0.357754004914946,12117.3946974179,9996.03802478772
461,"Pvalb",0.702437889150292,14166.6704441292,11276.3248832619
462,"L2/3 IT",0.530320760717937,10646.9884137544,18585.9230529541
463,"Pvalb",0.844037815683323,15947.3259075299,14963.6026331901
464,"L2/3 IT",0.329283260877446,12045.3626670758,17530.8870610121
465,"L2/3 IT",0.499618758962513,12277.2659602187,17775.9478499378
466,"L4",0.57193212853455,11562.3443402652,13124.3398301368
467,"L5 IT",0.875962678825915,6279.56362018349,9998.94119199928
468,"L5 PT",0.478528633865299,7616.37817212097,9647.72035758145
469,"Pvalb",0.722901225439739,3411.21502335677,9896.70155631515
470,"L6 IT",0.797986589558342,12532.6162448428,5106.41306478558
471,"Oligo",0.23936591936081,3586.38216094114,11806.6728505598
472,"L4",0.682409832612854,11362.3790235768,14557.9313990244
473,"L6 IT",0.749068139110548,7317.86869496722,7643.88845765272
474,"L4",0.469415103761105,2349.62299963955,10691.4679805276
476,"L5 IT",0.643276010019187,9724.70482844564,11836.9742869476
477,"L6b",0.212151278669639,818.720055608488,6838.77443477314
479,"L2/3 IT",0.602701261845477,10647.3425653917,18850.6174132005
480,"L4",0.735821901198426,16544.7572919351,14070.5673802537
481,"L6 IT",0.617170829503872,13885.2301771657,7241.60457388382
482,"L2/3 IT",0.376752979426305,12582.4464626959,14927.2401498443
483,"L4",0.380128829502752,10755.0199250016,12664.4071276519
484,"Sst",0.812673991304942,6338.83570609269,9819.24763773321
485,"L5 IT",0.570676507046674,14354.0863559107,11983.3690395404
486,"L2/3 IT",0.546539929940695,10854.5243745263,15247.0648017481
487,"Pvalb",0.809840145419065,14276.3646249532,13918.2027275581
488,"L6 PT",0.718781228114576,6388.8049936076,5280.77573310556
489,"L2/3 IT",0.576277366838363,1107.27496422732,14716.5595623452
490,"L2/3 IT",0.574918503865355,14208.0416322227,16006.1879941196
491,"L5 IT",0.813943160602936,4856.38833831947,8814.44770377566
493,"L6 IT",0.763044787661826,12591.2552971434,5408.17185083517
494,"L2/3 IT",0.592460822590771,10529.5854284242,17239.4369785434
495,"L6 PT",0.602716234868262,9259.67280710289,6227.89951016752
496,"L6 PT",0.564880932005688,4782.15592024216,5945.71297569427
497,"L2/3 IT",0.619679767270464,11624.2862694974,17977.0881128823
498,"L4",0.530031253987709,205.507411623754,11639.6373643645
500,"L5 IT",0.767286224923006,11228.3534847225,12393.4947038818
502,"Vip",0.480062386138921,10423.4720475217,18494.5070489852
503,"L4",0.370754210162776,454.380461520259,9993.13184462289
505,"L5 PT",0.846034630877446,16166.2708447963,9378.16762970885
507,"Sst",0.513767421586863,18030.3206244371,15080.3470536766
508,"Sst",0.542173834108252,5953.70835936591,9520.43543213268
509,"Pvalb",0.842189862355006,8300.99151550734,8976.45477850386
510,"L2/3 IT",0.787529134431303,14100.4395318176,14894.1429785497
511,"L6 IT",0.752661743668904,7770.87038174615,6737.57197604353
512,"L5 NP",0.687178832134749,7751.47001817809,8892.84201903653
513,"Pvalb",0.788393845751275,1574.86110337863,11045.6262674432
514,"L6 IT",0.821237318423909,952.327947680015,5169.15941373114
515,"L4",0.341228968589946,17729.441201313,16895.2842076859
516,"L4",0.302907027323716,15369.8790835823,12507.3157375752
517,"L6 IT",0.754589031273757,8867.13811065198,5634.32129131439
518,"L5 IT",0.775363269703503,14332.8360546533,11578.0385559909
519,"L6 PT",0.798452141642875,3030.60455698787,4818.63366739528
520,"L6 PT",0.793797877125693,8256.51746979041,5034.37338717524
521,"L4",0.221984815620441,670.990623037178,8499.42000322632
523,"L2/3 IT",0.546572795203163,9129.47538630767,14207.7283886795
524,"L2/3 IT",0.750459086622847,11467.4234120795,15617.6975647171
525,"L6b",0.383789877879699,9095.37387797339,4012.14619402404
526,"Sst",0.839812334020934,8833.41187296241,10011.8633539675
527,"L6 IT",0.429121685195872,657.869291764321,5621.04560004988
528,"L5 IT",0.501187251804155,1412.71838846879,10850.2237548608
530,"L6 IT",0.876414686280501,16235.6113128814,5427.43158222404
531,"L4",0.802901181175465,15218.4843749152,13172.3641237971
532,"L4",0.621551585595877,5102.98309722873,13466.6654870542
533,"L4",0.738835917596418,5095.38673600975,14853.5702416981
534,"L5 IT",0.600873995405461,7262.95420743715,8449.41980728701
535,"L4",0.767328955427411,13248.1498819735,12200.3810072059
536,"L5 IT",0.80119452434638,11551.2787100098,11815.2898087759
537,"L2/3 IT",0.762607193061175,14982.7998796146,15444.1514916784
538,"L6 IT",0.547093969804884,13600.37692741,8580.25233426172
539,"L2/3 IT",0.538782538779145,10835.3103673763,17932.3907143725
540,"Pvalb",0.504764432158111,13642.9995288002,14892.1273917478
542,"L6 IT",0.499999999875,16470.8075707395,7498.94047778997
543,"L5 IT",0.475762666010573,12297.9705143439,12498.6523688672
544,"L6 IT",0.413813448702446,13370.6386427696,8631.29838742078
545,"Pvalb",0.756550031921943,15327.8285216248,15451.5392435956
546,"L4",0.375555598428815,7244.16444478921,15185.2532670324
547,"Vip",0.700985234096034,14569.5955322166,15628.6210355308
548,"Pvalb",0.713529934947877,5558.04924819758,16232.5939734156
549,"L6b",0.204425807513135,9009.91095029023,4821.78347481898
550,"Pvalb",0.772202122551356,7654.11552512369,7214.6806762343
551,"L2/3 IT",0.853637648859732,1312.7173406294,16660.0624246327
552,"Pvalb",0.792060824128344,10793.8713424054,8681.0738604208
553,"L5 PT",0.849120747472973,9440.10033182516,10361.7611802029
554,"L5 IT",0.894357844568061,1916.05622001171,9359.16338150371
555,"L5 IT",0.614688285400081,15765.3839876088,11452.5276291046
556,"L6b",0.24280564635,11227.3088984633,10611.7406136196
557,"L6 IT",0.656378658687203,430.467574259176,5394.21899101428
558,"L5 IT",0.34928573176252,9312.84475451327,8025.15084570399
559,"L5 IT",0.680475483274499,10872.8954397079,10814.4460467913
560,"L2/3 IT",0.376485549303863,5274.38435910699,15533.598246956
561,"L4",0.746918943664641,4583.98581317672,11985.221109467
562,"L6 PT",0.790701726821703,13539.7917012067,6662.7338172469
563,"L2/3 IT",0.743037704973619,2874.77092951646,15850.6715206906
564,"L6 PT",0.397481072619116,16226.1182632653,3958.60827151607
565,"L4",0.514698257963557,13842.282703424,12932.759105108
566,"L5 IT",0.568220217286839,12600.0364323097,11729.7332544882
567,"L2/3 IT",0.551825879673251,15716.3050207733,16221.3617335414
568,"Vip",0.394514555463436,1006.22065784711,3942.72864936279
573,"L2/3 IT",0.716805851785341,10407.5532563711,17589.3824773362
576,"L4",0.357813224502446,7545.66904924841,15261.1074575529
577,"L4",0.78660661331773,4590.79702547081,12935.144736822
578,"L5 PT",0.874360834061751,16568.886201769,8651.41339811921
580,"L6 IT",0.745814707896526,15729.9267724451,5336.32170699521
581,"L4",0.744790987349655,388.089747616716,11491.5010421209
582,"L5 IT",0.249974842425,8904.58418507597,13580.9783461437
584,"L4",0.753387542411034,5675.76284741307,12644.4033294154
585,"L5 IT",0.221412817047587,13808.3116497893,10823.7103879361
586,"L2/3 IT",0.558438660085874,13549.1724596548,15867.7661441475
587,"Pvalb",0.76480445650611,966.450140692392,10793.5142416963
588,"L6 IT",0.548115306244024,7369.21610947421,6750.67147813573
589,"L6b",0.717970610713019,15097.7145756517,3747.9672958865
590,"Sst",0.588353096202584,12329.7970570779,11600.6301391067
591,"L2/3 IT",0.695867197566557,739.299371233968,15954.828001233
592,"L6 PT",0.223893660383363,15271.0593025598,17348.1322950044
593,"L2/3 IT",0.717301614383415,12997.6876891979,17941.5569763567
595,"L2/3 IT",0.538000727477349,14483.2551082707,15076.7640327581
596,"L6 IT",0.373520312047906,15828.8729262361,13871.5650151855
597,"L5 NP",0.479931812779318,12304.1899560019,9100.44354995139
598,"L5 PT",0.245089307425,12691.3703574403,9946.95777069558
599,"Sst",0.706689546085775,15204.5267551279,7806.54412470827
600,"Sst",0.373066062304569,14264.8532851089,1220.04901133663
601,"L4",0.732584475199745,5582.75507082189,11465.674407775
602,"L5 IT",0.635696213288823,15667.5812342497,12954.5709351943
603,"L5 IT",0.646857159043338,11186.2505358612,10970.8536576922
605,"L4",0.221984815620441,14091.5794248043,10316.1253174901
606,"L2/3 IT",0.560806483773798,13378.4876066135,15711.4046100064
607,"L6 IT",0.553163727307039,16417.5445095765,6195.83851630281
609,"L5 IT",0.801016823009293,263.507083294089,9366.00774582252
610,"L4",0.683953149422176,13618.0914058614,12668.591097383
611,"Sst",0.782905565625743,4691.38558324613,13663.2891826517
612,"L2/3 IT",0.752969199970679,3126.09892294592,17740.3312510105
613,"L2/3 IT",0.343245848252446,6375.53369445863,13493.6732514406
614,"L6 PT",0.774257506945495,14769.2946522942,5449.18330335012
617,"L6 IT",0.730734567380383,11198.9466333741,5106.94950702426
618,"L2/3 IT",0.734875803450743,3628.10877483945,16475.9671450462
619,"L5 IT",0.586472958431413,12677.8149180922,10419.6519879899
620,"L6 IT",0.539221438779021,358.931501112654,4815.24648368365
621,"L4",0.804346902776424,1184.49082138453,11701.162695379
622,"L5 IT",0.480746420855939,16714.4904541416,10385.9206191046
623,"L4",0.570484954924291,12459.654673594,15380.4223094039
624,"L4",0.830681761882786,12730.63266244,14499.2260341755
625,"Sst",0.862090303292385,8566.1863928102,743.726363251064
626,"L2/3 IT",0.377506398136946,14600.4841086977,17056.2563482385
627,"Pvalb",0.710371281673509,8633.05837846063,7538.01888541681
628,"Pvalb",0.358169573962389,10880.9031982054,11113.6198555986
629,"L6 PT",0.772380572077825,479.229491606536,5958.28946732531
631,"L4",0.616111563123333,10061.4106893952,14940.9220168536
632,"L4",0.340529630852446,15890.9069171774,11616.8094140306
633,"Pvalb",0.794651762119311,289.584322507898,5005.45037173007
634,"L4",0.720866575220306,16784.0146135029,12745.0723047222
635,"L5 PT",0.599213158425165,11996.5595695869,10000.7165791545
636,"L5 IT",0.794575615832021,16445.8872038856,11250.4376256959
637,"L4",0.55450302832963,1319.00382859988,11205.4021096229
639,"L5 NP",0.596925153297343,7382.44337606146,9618.66676171935
640,"L5 IT",0.419597670002446,17227.5136843294,9859.98247547333
641,"VLMC",0.724340713435672,17854.3880725248,19991.2375761626
642,"L4",0.339268930627446,2170.67327378685,12754.0340466938
643,"L6 PT",0.535892772592497,13782.5092690257,7831.00182220361
644,"L2/3 IT",0.781061653370065,16558.8860125966,17816.2932427517
646,"Pvalb",0.78302881748531,10143.0053662696,13927.7363458248
647,"L2/3 IT",0.734985355700592,3848.11553020848,18021.1540554293
648,"L2/3 IT",0.748755504024471,8295.14842668766,18018.1434866761
649,"L6 IT",0.389806401013215,787.555332430154,5713.17775663478
650,"L4",0.483044062376498,845.460365652617,13230.0960691834
651,"L6b",0.632730566857265,1344.59546920769,3001.852353468
652,"L4",0.669448101332315,4994.97520637728,12825.217554347
653,"L4",0.573242439873318,13990.4368976549,13981.5877169273
654,"L4",0.728218749610217,11812.7751245378,13787.1063134085
655,"L5 IT",0.486246690847099,2493.4974783551,10491.5483852797
656,"L5 IT",0.437773726039946,2579.10679671044,10605.8549419892
657,"L5 IT",0.6782050750198,10684.4511187815,10479.1532345293
658,"L4",0.646255273285746,10507.829833523,13223.2185297666
659,"L5 PT",0.633745678600449,14319.2050741992,10019.4502507836
660,"Sst",0.822112342170913,15434.3020713319,15903.240236878
661,"Lamp5",0.600390941859047,16357.0785840049,5819.54396891278
662,"L2/3 IT",0.421179605942427,15201.9720931312,17820.1265290297
663,"L5 PT",0.574548442191119,11662.6399964296,10309.4536792781
664,"L2/3 IT",0.391190681118287,12888.9499550144,13735.2337501045
665,"Pvalb",0.710911233786962,10024.005146042,5926.47346891154
666,"L4",0.340261173977446,5485.94022414929,12657.490551093
667,"L6b",0.457947599814617,11572.5607981106,9342.68341851758
668,"L6b",0.457000769564491,11180.9163419542,10005.8090159402
669,"Pvalb",0.579288067195591,10603.3114317829,4190.68497614505
670,"L5 PT",0.869570289598958,4510.60236859458,8986.78635852081
672,"Vip",0.4522564897586,16722.4269812726,16219.7545557271
673,"L4",0.777291642469499,3239.36744951139,13137.6542007231
674,"L5 NP",0.679769459643695,17114.6690690186,9744.94081012282
675,"L2/3 IT",0.561868963447887,15923.7955929042,16645.392185721
676,"L6 PT",0.631850050194185,15336.0517862876,6581.79403032678
677,"L6 IT",0.74871202355777,4504.54964375897,5698.61130630973
678,"L4",0.661339931697262,12993.2553734687,14865.3133827155
679,"L2/3 IT",0.68823812681358,1033.57050000945,15416.6253767008
680,"L2/3 IT",0.749584201857384,5539.19778218659,14877.0392581322
681,"Lamp5",0.829667293239041,17486.4308725852,18793.5649847019
682,"L5 IT",0.619044740275421,3793.59674413539,10707.303077677
683,"L4",0.733742911866042,10266.7373762535,14197.1608605775
684,"L6 IT",0.651748632028258,327.391437164834,4888.32436186243
685,"L4",0.604881109378127,10855.6239238669,13567.6208313981
688,"L4",0.741141876578824,5421.22190876496,11957.6067168987
689,"L2/3 IT",0.389970129137581,15213.8759363259,13820.6103395993
690,"L6 IT",0.396907987549221,7048.30432001229,7204.22312365225
691,"L5 PT",0.659212898861403,9891.54973918389,10225.1927778117
692,"L2/3 IT",0.775796956989558,13044.021498391,14414.1213931468
693,"L4",0.605652502085482,3610.32134679929,13802.0616205607
694,"L4",0.710686722247327,835.128232438175,12439.5938831889
695,"L4",0.589760004997214,12562.8086019529,13512.6751899917
696,"L4",0.374696236889584,7024.6733047044,14264.2041679794
697,"L6 IT",0.551080941183405,128.38578238047,5551.39569332544
698,"Sst",0.786946286403512,7825.56352641361,9535.54714492611
699,"L4",0.567046190476003,6711.65944193207,13218.4038800241
701,"Sst",0.844433397671342,3334.93188846811,12869.9244420837
702,"L5 IT",0.619685872768875,9190.02118283842,11177.9951070099
703,"L2/3 IT",0.376764992776184,16662.0782392916,16046.1013266029
704,"L6 IT",0.385904389971083,2153.59248862076,2971.48477375269
705,"Lamp5",0.813252202710935,11624.8960001633,18803.9002098032
706,"L5 PT",0.862406892085742,9374.24366992403,9576.41110296405
707,"L6b",0.474276755640679,3041.51938201065,9592.95409447473
708,"L6 PT",0.655152731036487,11072.0040266306,7134.90781172113
709,"L2/3 IT",0.694376081341929,17460.8733806186,14759.1187653715
710,"L2/3 IT",0.610749177579638,17501.4323326622,15200.4021216314
711,"L5 IT",0.367506224297733,15230.6834167319,12183.9689004073
712,"L5 IT",0.60661514813121,17478.9542327925,10784.0367132324
713,"Pvalb",0.79837817827143,7724.84517899461,6196.16891323878
714,"L2/3 IT",0.393931972402297,12235.7897460049,14576.6124687595
715,"L5 IT",0.2269473755,12020.5243073031,9208.45608127954
716,"L5 IT",0.79276417572387,1056.14313015813,9963.0547114801
717,"L6 IT",0.899528855700662,13495.5559731779,6423.86844827371
718,"L5 IT",0.789210953728093,17177.3377008932,10534.5312700061
720,"L4",0.850575873709134,3348.83676767462,11923.7912727685
721,"Pvalb",0.724726985322238,4899.91292074077,14768.3161232518
722,"Sst",0.812229327917052,10115.1805215731,9270.5742799362
723,"Pvalb",0.770300298998046,15935.9027244901,12464.7172055899
724,"L6 IT",0.77119536335279,14723.8357418447,7335.4881108446
725,"L5 NP",0.466231681439574,6471.65648781959,9303.92431327753
726,"Sst",0.875723067593097,14872.1742554676,9832.71530648494
727,"L6 IT",0.610748600066814,1216.87428177513,5007.77549754616
729,"L5 IT",0.424219705061526,13383.6857061969,9001.11437731612
730,"L5 IT",0.825980681215112,1930.02551054561,9865.28670570336
731,"L4",0.339453589227446,3938.42012115945,13182.3078701301
732,"L2/3 IT",0.805540959341755,9468.31735070615,16334.1575129141
733,"L5 IT",0.640692865290261,8947.57225414145,11671.6256715322
737,"L2/3 IT",0.565744935374962,2813.13326642277,17780.8370142524
738,"L2/3 IT",0.711126274891727,8105.56663892711,15470.0809924758
739,"L5 IT",0.751820088644774,12459.5796790607,11754.6950247182
740,"Pvalb",0.567217255258356,15931.539306437,10749.4936714775
741,"L2/3 IT",0.791658239039608,15225.0352161665,16885.6348398941
742,"L2/3 IT",0.711551735447767,8324.55959574211,15933.0179832333
743,"L4",0.873156653651411,10417.769001277,13770.262913328
744,"Pvalb",0.774384052249097,16857.2598718668,17192.6742509307
745,"Sst",0.790822714076901,6828.83053696975,7475.29925434028
746,"L5 IT",0.622174652501704,16117.9667245571,11566.913348421
749,"Pvalb",0.752028911245273,960.569832738271,8814.99613210456
750,"L6 PT",0.587586007617172,9047.64223395429,11020.9595672325
751,"L2/3 IT",0.534755215404334,11327.0541064299,16084.9595602263
752,"L6 IT",0.395069884490366,273.707271423469,5579.58597106312
753,"L6 PT",0.780335482968597,12998.0016034761,6395.82953790436
754,"L2/3 IT",0.750626741575034,13761.2154397679,15615.6305892522
756,"L5 PT",0.886934994215546,3654.74365408623,9524.27110940949
757,"L2/3 IT",0.610072117144002,14736.3559014637,15904.3403966994
758,"L4",0.551118860331648,16969.1322009352,15206.1079992219
759,"L4",0.749760437868393,842.946511246473,12303.4513019652
760,"L4",0.831361427456336,3744.28406634044,11548.728654795
761,"L5 PT",0.45777234032447,6542.52439995619,9806.70379270252
762,"L6b",0.429875318649172,12584.5240850937,4580.02019373012
763,"L5 NP",0.553254744424134,9077.03406985683,10740.5170725936
764,"L4",0.558289757697054,11642.8688943638,12240.3471407697
765,"L6 IT",0.584333354191655,16684.0188619464,7886.85344959163
766,"L2/3 IT",0.717793219429595,4770.33855156885,15783.6067852846
767,"Sst",0.841862069414303,9908.51819893113,1005.0179270091
769,"L6 PT",0.74190776609594,11743.8542266542,7079.08508894466
770,"L6 PT",0.561573753591376,10918.7243177882,5120.60899103273
771,"Sst",0.65365537130594,9034.19882978078,13723.0684241532
772,"L2/3 IT",0.807913404026948,2829.48968462277,17374.2453488757
773,"L5 PT",0.789969450775539,5669.20989132727,8728.51998390082
774,"L6b",0.582058167674282,6597.69774665677,3871.81819421424
776,"L2/3 IT",0.754318854028446,9576.29594082946,16863.0019031231
777,"L6 PT",0.842742348748798,9744.06279810591,4810.46613348233
778,"L5 NP",0.674134545023863,1536.11011282795,8036.78570778463
779,"L2/3 IT",0.743469762910779,6239.87976109204,16730.668597569
780,"L4",0.725158229277097,1889.21670164196,12844.9777642142
781,"L5 IT",0.883578115751438,8669.477804176,11354.9692578977
782,"Oligo",0.442423158026012,12870.6652910749,19433.6452384607
783,"L2/3 IT",0.736054467177308,15226.5843804818,14924.1885073552
784,"L4",0.590119675061209,7484.81955744655,15966.9927263839
785,"L6 IT",0.732690490961946,12181.8540953575,7791.29181428686
786,"Pvalb",0.376242220894249,13764.0316992432,17698.0203644407
787,"Sst",0.408104082616042,9148.92963378074,547.389801451526
788,"L5 IT",0.62922810303313,11123.8805730485,11311.3396354776
789,"L2/3 IT",0.741057280646079,16188.1539490201,15255.2841277671
790,"Pvalb",0.529738487810511,811.248255220377,3222.02838817655
791,"L4",0.447513044702832,9094.07345131124,14994.3485013052
792,"L5 IT",0.780887815425732,13055.1431738164,11771.313286628
793,"Sst",0.448230798020547,8313.66537773968,736.370949062697
794,"L6 PT",0.583792013684338,7781.89605011448,7340.39389304999
795,"L6 PT",0.772542143574853,9856.55866870861,7773.87141679269
796,"L5 PT",0.797957063065082,3168.80432550161,8351.85120373868
797,"L4",0.41040580305243,4542.71593430231,16252.2499512883
798,"L2/3 IT",0.713603900648488,3563.96630130033,16678.0301891924
800,"L6 PT",0.580518395254063,12355.4619212932,5356.63379485915
801,"Pvalb",0.500833810976991,12870.428354274,16282.4562422102
802,"L4",0.672895367271232,12762.4000159889,12971.2372503566
803,"L2/3 IT",0.743538891171561,12731.7007996828,16872.5708540807
805,"L4",0.738759850391454,145.503107804294,12478.6054553971
806,"L6 IT",0.723277723910685,15068.1959444977,5329.51356968156
807,"L5 IT",0.82811298757361,13450.2559459962,11969.6717360219
810,"L6 PT",0.782630973066861,13504.279300963,6902.52828272651
811,"L4",0.720848272590901,8109.45652780723,14675.9897860708
812,"L5 IT",0.845453008591606,7402.15804008486,8815.08551900913
813,"L4",0.821617549886114,13343.8380262619,13140.3685243216
814,"L2/3 IT",0.663204825559971,2203.15711581902,17267.0749565174
815,"Lamp5",0.60344001271725,17281.2812872683,8017.01154902476
816,"L2/3 IT",0.592133443199327,10162.2992957462,18414.670532453
818,"L6 PT",0.631714009721219,8238.27081828315,6855.30847973468
819,"L5 NP",0.462569011504773,12440.490068474,9124.60274157222
820,"L6 PT",0.455628042891296,12783.7420739613,4367.31449693796
821,"L5 IT",0.366653084714946,13809.7087210532,9361.65934806435
822,"L4",0.604853503013964,17429.028929169,12363.5539767687
824,"Sst",0.816201118936523,6997.91596629921,13854.9183897261
825,"Vip",0.45191005018069,6571.7278083864,14359.689805093
826,"L5 IT",0.54542842041333,7211.53879751541,10672.1576386016
827,"L5 PT",0.81588220712243,12920.7336618309,9196.62783145071
828,"L6b",0.389596711506367,12943.3490032552,7811.1503002981
829,"L2/3 IT",0.74855932914148,13866.4777784437,16941.2057964354
830,"L5 PT",0.595363185196519,3758.01812408137,9430.46828620589
831,"L2/3 IT",0.752206740854471,16849.3741659678,14278.8542051631
832,"L4",0.398025558982626,14931.7541414305,13557.4381838434
833,"L6 PT",0.387628655117955,10404.1943361849,4685.78395500894
834,"L2/3 IT",0.603021948382352,7274.67989281924,17309.19926473
835,"L5 IT",0.656700954879996,485.994627952924,7532.44894750543
836,"Lamp5",0.639069581398381,12185.2945753833,17418.8081008333
837,"Vip",0.45642377424289,10705.437767193,12351.8009889141
838,"L6 PT",0.812140598425767,8935.48573620622,8000.18260955161
839,"L2/3 IT",0.810371475510888,5281.88914508214,17877.0429543444
840,"L4",0.648558305481709,16987.1166562364,13331.2385414645
841,"L4",0.564244048647213,12944.9406677843,11637.0729501592
842,"L2/3 IT",0.794322065166128,14553.2445672264,16296.9596230771
843,"L2/3 IT",0.765987088725247,13062.5451591374,16271.1373026918
844,"L5 PT",0.634517661825021,15171.9372464705,8628.49771072197
845,"L2/3 IT",0.553092661159566,9112.67285426636,16006.0807775817
846,"L4",0.599236034044741,9816.76557886635,13512.0220835372
847,"L4",0.584398578272102,724.576345094024,11478.0418667674
848,"L6 IT",0.811233219739832,14210.0349708277,8014.22639490134
849,"L2/3 IT",0.749523557879469,6988.89757896691,17211.4696865764
851,"L2/3 IT",0.764096021757431,15484.0946877242,17617.7640296244
852,"L2/3 IT",0.598290599369476,11632.5444101741,17694.0403428195
853,"L6b",0.412425077776928,13164.8693511979,10899.6062428589
854,"L4",0.342570131589946,3056.98106464106,11918.9687549923
855,"Pvalb",0.375644376474099,1396.3017091182,8814.03770600139
857,"L4",0.773783374389855,1602.68392096569,13326.1768653232
858,"L6b",0.698850719430518,6259.11082060039,3559.86671410341
861,"L6 PT",0.59719565440017,4161.50731475198,5751.56520304658
863,"L6b",0.907394166575521,13482.5180001433,3938.87102876026
864,"L2/3 IT",0.70740008534175,512.802402714506,16977.3380262643
866,"L4",0.589442622083198,12977.0068576973,12264.5174841313
867,"Lamp5",0.22550110745,12639.6417019273,8627.6320055295
868,"L4",0.467931292358612,1139.47706817033,10923.3225100078
869,"Pvalb",0.802128349114696,8628.8445175965,7055.61601494711
870,"L5 IT",0.56169566593483,16096.986049736,11743.8084078902
871,"L5 PT",0.797493608172636,5716.57310778922,9136.36663920117
872,"L2/3 IT",0.725397421340539,17633.6987188482,16279.2882456119
873,"L4",0.373069149670441,9276.45757506035,12036.4150836456
874,"L6 IT",0.823504604734443,7332.32135608921,5964.69245517669
875,"Pvalb",0.691777701637883,8735.14062233313,10834.323382158
876,"Pvalb",0.768976818660653,4422.01931523963,11561.5954355329
877,"L4",0.571470751450476,14041.1564635661,13176.3031882419
878,"L5 IT",0.380798518552446,11363.6269866774,13233.2116494279
879,"L5 PT",0.789469429099668,14615.9154951892,8679.15340378933
880,"L2/3 IT",0.779464682447204,13184.5278338322,15872.9803960019
881,"L5 IT",0.744909473466841,11082.9733682485,12855.9397788841
882,"L2/3 IT",0.221658122744977,5441.13173190044,9803.32241853094
883,"L4",0.342412259889946,17669.6357205867,12803.8787556841
884,"L5 PT",0.811118237137448,3012.97572712274,9385.13927915491
885,"L6 PT",0.39263010235378,11741.6195518572,6481.22941319756
886,"L2/3 IT",0.599330470726876,4614.42647515713,16585.8094232336
887,"Sst",0.792378137979554,2874.59090541672,6239.82723347461
888,"L5 IT",0.590388100714314,10463.6665727014,9798.60927278507
889,"Lamp5",0.693585999617701,16880.5283924991,15000.4858551121
890,"L2/3 IT",0.552800804738311,14862.128886123,16442.868073841
892,"L4",0.559772039008634,14440.6286348933,16729.4942112029
893,"L4",0.695203518877885,6155.48813828912,15083.1222553421
894,"L5 IT",0.819242811404083,14876.0597349153,11248.4971304983
895,"L6 PT",0.621551212017132,6835.39501013839,6371.86993928103
896,"L6 IT",0.522495224691483,15517.3669019163,4768.22930842574
897,"L2/3 IT",0.514872531758385,14445.6692837137,17522.2487647996
898,"Macrophage",0.407214437265891,17574.9405206256,11017.7291093395
899,"L6 IT",0.58661512109319,6207.18518623303,7748.50103378793
901,"L5 PT",0.2122363938375,9951.49380247856,9680.77810119824
902,"L2/3 IT",0.528766383085312,16528.4943364187,17414.0817427408
903,"Pvalb",0.824779790518724,6947.66621785296,5818.74555474999
904,"L5 PT",0.752425565640527,2428.78067939006,8263.37377439516
905,"L2/3 IT",0.554148798219355,5078.38469839832,15384.9957529775
906,"Pvalb",0.816757138727253,10821.095701085,7012.29451317775
907,"Vip",0.720795282321828,10846.8065826498,9767.19123293737
908,"L6b",0.411133550307937,6690.10653992726,7893.92332087337
909,"L6b",0.464578094893566,7121.43843556611,3907.23690635297
910,"L4",0.592592950631773,13658.823392608,12949.5501708875
912,"L4",0.824496759055241,9188.52618336416,12663.9415514313
913,"Sst",0.724714414344652,2107.98759655541,8389.69259098343
914,"Pvalb",0.855873120280638,2900.80929724206,13204.9132331148
915,"L5 IT",0.633918119107828,8725.859045869,11137.244180232
916,"L6 IT",0.236372163791924,9582.8277987255,9983.66049449361
917,"L2/3 IT",0.789029323340252,12566.1998370895,18048.3729433085
918,"L5 PT",0.757301257370185,9814.77807514245,9913.79739350211
919,"L4",0.831322259521708,8781.67149709943,14784.0360876957
920,"Sst",0.856338644287111,5128.25598220922,9653.65082810212
921,"L5 NP",0.447440104296183,14756.0283296403,10666.5460262463
922,"L4",0.560824721995777,10197.7058865641,13293.973589803
923,"L6 PT",0.801858933093586,6689.09272057661,7375.52176330592
924,"L4",0.59697778730069,9052.01373080974,14561.8636402619
925,"L4",0.747111938647425,17497.970825454,12271.9428070864
926,"Pvalb",0.788649003865175,17760.5159752943,11495.222140124
927,"L2/3 IT",0.742443455660014,12390.1083028952,16523.7306173545
928,"L4",0.782050092462545,1821.78898170287,12937.9928484523
929,"L6 IT",0.727176629993487,7640.76681843529,5096.41810811146
930,"L6 IT",0.77171052458218,9457.05978661971,6473.56965627181
931,"L5 IT",0.772332211068614,9372.55153019745,8500.65629712174
932,"L2/3 IT",0.547553607905557,2714.37908233752,15554.7105314878
933,"Pvalb",0.766968281696538,2171.68212058472,7104.55440035554
934,"L6 IT",0.721522012286407,8734.25007985489,6542.71582406278
935,"L5 IT",0.41478334237947,16105.9554718771,10999.1662703921
936,"Sst",0.825904373270889,4652.11192264577,10492.5335773405
938,"Pvalb",0.861753336533204,2263.48985095967,16230.8759558892
939,"L4",0.405102788757306,753.833410334096,13916.3848609147
940,"L4",0.401793128722524,12488.7292349987,18669.5405347568
941,"L6 PT",0.76588307601659,6732.96727398342,5566.43690523051
942,"L6 IT",0.654162740509862,12632.9411431628,7656.88350378792
946,"L5 NP",0.407062050560045,3192.75460467663,9313.30132218622
947,"Pvalb",0.734557781882687,17373.1991753501,9213.92794502645
948,"L6b",0.400963206225554,14570.6341312765,5500.77412530047
949,"L6 IT",0.59460515941,15321.2024134363,7567.57136179112
950,"Lamp5",0.776333411340423,2533.1066386082,3027.69463056939
951,"L4",0.73909322152085,1810.77369235264,13564.9946393733
952,"L5 IT",0.566368111267519,9277.85281364184,8272.45750958884
954,"L6 PT",0.433009946654116,9026.11648557086,5735.67733494482
955,"L4",0.589882108078471,535.810894762227,12213.3316916062
956,"L4",0.609715803755977,13005.0124366257,13147.4287083065
957,"L4",0.675595955182378,8263.82890244417,15088.126358831
958,"L6 PT",0.348030893689946,10946.7827629263,6689.94489068153
959,"L2/3 IT",0.696628965718376,3508.15453254283,15340.8447181002
960,"L4",0.597187683345912,1230.35712853934,13966.9692286111
961,"L2/3 IT",0.40308744910525,5298.33400583545,15365.9967394056
962,"L6b",0.428591791461767,4576.24785127022,3494.95029402085
963,"L4",0.78400709817224,13969.5944550167,12972.3125626619
964,"L4",0.398790991076207,16538.4824231411,12345.8256673355
965,"L2/3 IT",0.38228434372753,9244.51613700528,7467.1871972558
966,"Macrophage",0.368386527296852,2922.09198922232,14578.140503339
967,"L4",0.619375907491552,8699.28648952132,11578.5337203313
968,"L5 PT",0.8457681427188,387.774183389141,7840.72079332541
969,"L5 IT",0.603407083720272,13809.7854819315,11989.1980423775
970,"L6 IT",0.408108835547873,7247.98273176827,5668.02372911936
972,"L2/3 IT",0.603440641490627,10599.2136161816,17890.5635834568
973,"L2/3 IT",0.648761420886835,1035.49349599268,14543.4821273395
974,"L6 PT",0.832817299505015,9659.14680860106,4276.42507656881
975,"L6 PT",0.789302194900571,7127.49150092535,4843.5539459249
976,"L4",0.414397501562931,16284.644585866,13198.6290850731
977,"L2/3 IT",0.547711631166184,15714.1046653888,14690.6534480192
978,"L6 PT",0.790556239917001,15796.6684551213,6555.86156819714
979,"L2/3 IT",0.683041598567415,13626.3715404772,17120.1067521439
980,"L5 NP",0.705173366174133,3259.68669569736,9391.6677965129
981,"L6b",0.392916754349106,6316.09632799034,16845.7913487883
985,"L5 IT",0.478549534082659,10757.9880317323,8867.72783828668
987,"L6 PT",0.650270404527796,12536.0837884543,6806.64109682666
988,"L5 PT",0.816890876816641,8656.17487644833,10356.9625429178
989,"L2/3 IT",0.405090682150123,16153.8482008965,17849.3075068782
990,"L5 IT",0.793688327213189,8297.17292948644,9753.4988871558
991,"L2/3 IT",0.755208175985283,11800.18542622,15769.5076428312
992,"L2/3 IT",0.3798652089522,13781.0932785692,14452.325581827
993,"L5 IT",0.798597428426217,12529.3463219141,10003.4455625228
994,"L4",0.749524011497544,2884.85108088714,11864.7556438383
995,"Sst",0.870831317759708,8303.91598358833,8685.82669657648
996,"L4",0.763893738832919,14700.0079298188,13509.4729365806
997,"Pvalb",0.430865961003889,1966.85853366633,8994.6314100025
998,"L2/3 IT",0.588418947315705,12934.7718092316,15760.0698006506
999,"Pvalb",0.826877808889451,14944.09236168,7507.26287721945
1001,"L6 PT",0.875612700257053,8620.10277589032,4243.29713087462
1003,"L2/3 IT",0.781767408108748,10585.3292908746,16710.1557286896
1004,"L5 PT",0.383284036111316,15262.9572231871,10506.2997325216
1005,"L6 PT",0.804069337365516,5153.8748002234,5730.82654994449
1006,"L5 IT",0.568920758239808,12180.2629447175,10479.6362495132
1007,"L2/3 IT",0.776253224108432,11817.915325132,19309.1014745476
1008,"L4",0.408245559014946,15000.8517880446,12700.0982779352
1009,"L2/3 IT",0.332700038002446,12121.8560412027,7121.73281956487
1010,"L6 IT",0.818146805445279,10285.7393046228,7200.55205727976
1011,"Pvalb",0.68261778780842,3626.35249064484,8637.35731554735
1013,"L5 IT",0.661396967016344,3123.69560130291,10599.9389572172
1014,"Sst",0.621265946878312,18025.0299585521,16457.2016043355
1016,"L2/3 IT",0.69677534415961,3716.86406077471,17760.3307412398
1017,"L2/3 IT",0.801160525826199,14207.1406128585,15706.4354390408
1018,"L6b",0.438651858023873,9322.78627904126,7534.57025546793
1019,"L5 NP",0.389023810232467,15439.6258001473,9341.80111933489
1020,"L6 IT",0.747521085170756,8924.25913206143,4800.40635232134
1021,"L6 PT",0.647540411092137,15133.7521352938,6793.6262597628
1022,"L5 PT",0.889107130392923,8562.39331064077,10003.6551785477
1023,"L6b",0.43517746288847,14283.7618342373,6487.53376044737
1024,"Lamp5",0.601896325940834,17888.9714155815,19037.0000687728
1025,"Pvalb",0.640777810691004,16782.693472642,14812.8758963951
1026,"L5 IT",0.872352773084407,17414.3948113476,10400.1201958257
1027,"L4",0.778400465177878,11415.3025110561,14299.371088471
1028,"L4",0.599685113297931,13974.2286583442,13881.7756261373
1029,"L6 PT",0.382421337049413,676.050680563633,4171.89341733847
1030,"L5 IT",0.467541063525646,11642.6083992877,13290.0245212614
1031,"Sst",0.915526790677561,2424.4551534534,9673.94276469371
1032,"L2/3 IT",0.547580974165631,10619.0076223282,18996.5819624309
1033,"Pvalb",0.56485047928515,17407.7192045811,11186.9826211161
1034,"L5 PT",0.748680121253818,12855.9018707853,9738.39512472731
1035,"L5 PT",0.844810571623164,14843.8698124409,8996.48064115101
1036,"L4",0.59237806675001,17885.4240731618,12837.7513445874
1037,"L6b",0.42187105838749,6188.67745515463,3651.1001574863
1038,"Sst",0.849842626261814,17229.3063104888,8654.79934008627
1040,"L4",0.214813589513222,7551.89445369381,15358.2293381154
1041,"Pvalb",0.881369169652456,12601.1271019519,9407.4410325569
1043,"L4",0.368904687857941,5176.49981517526,11618.1017708994
1044,"L6 IT",0.395741935394813,16879.7047524982,7851.06932966433
1045,"Pvalb",0.870888130169964,6813.78441698411,8358.13826805091
1046,"Pvalb",0.608672344423091,3477.69581019338,10253.9028070999
1047,"L5 PT",0.2476828578875,14450.1138449924,6601.60028138288
1048,"L6 IT",0.359754896268552,15539.8035150013,5275.85719885341
1049,"L4",0.815286810912096,694.726592925485,12729.2344187502
1050,"L5 PT",0.455400999692379,7702.67418730923,8797.59287791477
1051,"L4",0.301741316039922,2371.47331654935,13424.3117226562
1053,"L4",0.373154148072284,8719.20250334309,12743.6840008813
1054,"L4",0.596286913875432,4344.66922633812,13859.8750252092
1055,"Pvalb",0.356670158956139,810.301443684079,4865.35009898967
1056,"L5 IT",0.432938978864972,11050.6412267799,12000.8838332759
1057,"L2/3 IT",0.563029567705517,3351.80275467392,17530.2865979082
1058,"L2/3 IT",0.707891319403794,12283.0981343199,16839.7953596052
1059,"Sst",0.868493562841923,14348.6340159505,10837.7607430837
1060,"L5 PT",0.823751514042629,7106.0364338694,9421.05892286673
1061,"L2/3 IT",0.671143098466477,8624.14798870959,15885.4211173685
1062,"Sst",0.521086801998389,4928.06360057465,6211.83388170781
1063,"L5 IT",0.2469270516125,13206.1945728261,10700.6800505266
1064,"L4",0.609585282153766,2890.67644384042,13703.5300923353
1065,"L6 PT",0.559556719440664,12526.1029025522,7434.37750267072
1066,"L2/3 IT",0.672697126226252,4947.00889514772,16716.3108017291
1067,"L2/3 IT",0.687485840753695,2421.92775264341,17051.7410777622
1068,"L2/3 IT",0.327773581902446,5081.10691496475,15260.773957481
1069,"L4",0.762046158169871,5759.04512831186,11388.4215655941
1070,"L5 IT",0.355088107239946,8683.54038131179,13765.3955395787
1071,"L2/3 IT",0.568035846251825,12006.2057017535,17841.7938967945
1072,"L4",0.773035964063401,2164.1422792691,11577.5998674171
1073,"L6b",0.586717569830099,8688.60158972484,3890.76695900394
1074,"L4",0.382536064306101,12519.3463173259,12795.180353057
1075,"L5 NP",0.455473512224008,14162.1577880174,8993.80878244938
1076,"L4",0.820645416555539,13752.4991793772,14002.9553414174
1077,"Pvalb",0.849030968442116,13525.5738109503,7483.61088676474
1079,"L2/3 IT",0.736447592194109,12419.6417008196,15736.3613694182
1080,"L4",0.494049307183091,17611.5266842055,13565.1060925035
1081,"L6b",0.39282179115346,8800.5166009153,3912.79228993628
1082,"L2/3 IT",0.233626033774159,16843.9156479261,12378.6808972756
1083,"L6 IT",0.860526232538017,9104.40306372774,6567.76950415414
1084,"L2/3 IT",0.520565255739519,10322.4105231756,15462.8095361478
1085,"L4",0.590511083167448,5503.86928297937,13913.443012537
1086,"Sst",0.835934440788648,3349.12767988946,12640.7557955204
1087,"Sst",0.873212141214496,1770.12281720379,12743.406846628
1088,"L6 PT",0.771382253814988,4610.79141710305,5218.24917100345
1089,"L2/3 IT",0.70169876186276,11497.4696544229,15190.5760641093
1090,"L4",0.561390041385554,9488.86283387184,13914.5171500799
1091,"L5 IT",0.373135587275219,13717.2955444198,12551.7742626874
1092,"L4",0.674401491323853,4473.01178333316,13441.4646898972
1093,"L6 IT",0.412927930095958,12506.0253547489,5208.31487769298
1094,"L5 PT",0.654518348986863,8756.48973040856,8563.93516515402
1096,"L6 PT",0.623154537260407,15314.6462316549,5701.64649901975
1097,"L2/3 IT",0.56580765064249,17082.7889222706,13888.7634343383
1098,"L4",0.576749117679326,10856.6335085953,13957.474530498
1099,"Sst",0.784953486250448,10520.5674707322,9272.61753979313
1100,"L5 PT",0.2498205821875,13437.3512008812,9424.60688492106
1101,"L5 PT",0.826204466918027,16987.4960800592,8351.52805090743
1102,"L2/3 IT",0.543795619858612,15224.8953883775,14406.1735248285
1103,"L5 IT",0.618829505932119,10245.3532449539,11686.6948402057
1105,"L5 PT",0.829566071594507,16343.219202918,8682.10164963727
1106,"L4",0.7200573413755,547.472189903281,13258.9487753445
1107,"L5 IT",0.625900740946486,1880.89152893334,9796.56917295384
1108,"L2/3 IT",0.584289160856142,13218.1085090262,17621.3305063261
1109,"L4",0.566877670822484,2600.75206095722,12891.5454493014
1110,"L2/3 IT",0.71708558726792,9217.70441592228,17093.2996034657
1111,"L4",0.760475931805143,8175.84241679947,13559.6132126837
1112,"L6b",0.493296455394767,7276.1258398631,3772.97295555791
1113,"L2/3 IT",0.754613092971938,16888.6081466546,16757.6026316549
1115,"L2/3 IT",0.615059508441172,12892.2003084818,15156.6797336125
1116,"L6 PT",0.454009223513086,15957.0955074551,8283.8935250643
1117,"L2/3 IT",0.59766936451712,12192.5395385216,15015.7520528296
1118,"Pvalb",0.813412241719755,9348.68272170343,4885.19232759175
1119,"L4",0.615392462199724,12062.2135824647,11686.3838692542
1120,"L4",0.713052173100752,2716.74571162114,12391.5642646721
1121,"L5 PT",0.551409712845619,12987.5796095275,9708.82169445389
1122,"L5 PT",0.860328225542028,3280.59698858706,8381.61956025372
1123,"L2/3 IT",0.360817989565332,310.242995820029,14050.5723478466
1124,"L5 PT",0.643169298859438,10412.6551651397,10581.9962975452
1125,"L5 PT",0.36888932102527,10269.6459214682,9374.10553137495
1126,"L6 IT",0.741921684337983,16108.4139819835,7995.19925054582
1127,"L5 IT",0.567897415564906,10092.1029695809,11815.9192840024
1128,"L2/3 IT",0.700149583073031,17418.1378257898,14915.6696152291
1129,"L5 PT",0.863416892836015,15333.1118673755,9875.43853203407
1130,"L5 IT",0.399389761794806,11255.4141830272,12253.3083565052
1131,"L6 PT",0.642840937975209,8816.24434132619,6740.64021890234
1133,"L5 IT",0.620768532586343,7669.02504029376,10626.7302258217
1134,"L2/3 IT",0.663567634108783,6893.93147652121,17765.1289126008
1135,"L2/3 IT",0.7784219462754,611.970342008163,16708.2688811125
1137,"L2/3 IT",0.611923462548321,2406.48729008835,14850.4259755744
1138,"L5 PT",0.890562939867239,17026.868528881,9069.54046501096
1139,"L6 PT",0.38789645424128,2657.88396861273,5279.17855366019
1140,"L6 IT",0.356055242544032,16153.1312041001,12015.9409198683
1141,"L4",0.569334296431468,3499.14799309058,12768.2612106036
1142,"L2/3 IT",0.550021744910054,8891.454237378,15099.7721794053
1143,"Lamp5",0.858044067022303,11861.1036529825,15506.9575086018
1144,"Pvalb",0.615378396418806,10968.5744010238,9497.94378711035
1145,"L5 IT",0.805123400145867,15500.7661068633,11119.2073056936
1146,"L6 IT",0.913729429166741,700.452132048453,5123.56145024596
1147,"Sst",0.848693869634538,11121.5127988212,8704.28203542508
1149,"L2/3 IT",0.485550835939718,11047.7404240753,16802.1896889043
1150,"L5 PT",0.861679646283476,2745.81726210533,8613.78718194285
1151,"L5 PT",0.816562807626609,11342.5323482431,9472.68600880592
1154,"L4",0.375025094287776,347.752163997973,11790.1945449809
1155,"L2/3 IT",0.749067982279592,5472.36490975331,17213.1011486383
1156,"L5 IT",0.804528277063845,15114.9078377732,11125.2258629032
1157,"L4",0.242341995205274,11916.6376858085,12879.6666149777
1158,"Oligo",0.24108129526741,4332.03612153839,738.576376571086
1159,"L4",0.777026689515111,17256.0326594538,13257.2242258971
1160,"L6b",0.44854421673633,6315.93838474054,8595.70776224612
1162,"L5 PT",0.705164600575587,13818.7080100089,10025.7762511794
1163,"L4",0.581959446401061,15937.026580271,12987.8013955911
1164,"L5 PT",0.788662543615919,16886.6752572509,9287.2768115976
1165,"L4",0.388776882063246,15972.3359685732,12898.376292574
1166,"L2/3 IT",0.799610815264809,6497.10301367035,15780.0140016341
1167,"L6b",0.218703233815834,16954.288491712,9992.99080485967
1168,"L5 PT",0.79760901861542,3811.78696883032,9656.6981074041
1169,"L2/3 IT",0.621448504145178,11858.2455039248,17635.1352848381
1170,"L2/3 IT",0.59238578936947,9695.24720596957,15910.9054991262
1171,"L6 IT",0.784578552429174,14418.3149971284,8203.0039731427
1172,"L4",0.621258611516231,8494.640673498,13514.5430013493
1173,"L4",0.793056033023057,12322.7367641703,13411.2170451736
1174,"L6 PT",0.801954355550031,7669.06681012156,5575.36522632661
1175,"L2/3 IT",0.611654647660548,4662.18975880315,17606.0892360465
1176,"L6 PT",0.226160717306616,1983.97914217268,4459.2105331273
1178,"L2/3 IT",0.804122318779211,13731.2687693876,18635.8212480095
1179,"L2/3 IT",0.598938767241855,9577.50618125167,15666.7898374997
1180,"L6 PT",0.845273800334255,9543.03318170249,5765.60728692045
1181,"Sst",0.798360129851007,7312.32029238808,274.684463180821
1182,"Pvalb",0.742173433218519,17917.5887908619,13525.8338774816
1183,"L4",0.787209881462907,5087.10508881896,11538.7720710251
1184,"Pvalb",0.359218013539064,10658.0240944193,9630.02764523295
1185,"L2/3 IT",0.383912161376719,16281.7444769336,16930.3131833434
1186,"L2/3 IT",0.422195479104838,12398.0663855108,14794.6497424645
1188,"L4",0.638406227151405,12737.9862576938,13581.3325718286
1189,"L2/3 IT",0.216219726838658,13112.2748521474,11652.855666864
1190,"L4",0.367596264375276,2783.45730697829,14646.8477120081
1192,"L6b",0.563305639650755,2238.36781186143,2962.21266429798
1193,"L5 IT",0.770602563605225,16117.5392854579,11280.2552450704
1194,"L5 PT",0.651012667850882,1077.877148921,7987.76274130254
1196,"L2/3 IT",0.753379168567048,4606.48236120562,14988.2542238423
1197,"L5 IT",0.670299221056221,8578.9841900627,11967.736941174
1198,"L6b",0.400995200610688,7519.00615088756,3613.96552373337
1199,"L6 PT",0.75829752201125,7423.01607459617,4931.77951784678
1200,"L6 PT",0.604584752009618,2856.39624846691,5302.06499646269
1201,"L4",0.362741007486498,16113.9426099014,17229.9175252431
1202,"L4",0.58104535125902,8748.55908859632,14236.478361318
1203,"L5 IT",0.802214849723383,9218.58472494911,11717.5135755176
1204,"L6 PT",0.428817128781318,6994.6338998585,4237.88971609092
1205,"L6 PT",0.386275423625276,9350.66808570247,5777.24685946422
1206,"L5 IT",0.469737228364025,10356.1555661682,12696.0937693679
1207,"L2/3 IT",0.310000811439158,628.83538653071,16576.9630648786
1208,"L4",0.465952101323581,10972.0473428658,14834.2501739345
1209,"L2/3 IT",0.612032257870758,10994.4910335076,17478.8634243841
1210,"L2/3 IT",0.71728816338733,13245.2600846057,17249.8072578855
1211,"L2/3 IT",0.706787496670764,13617.3006989401,14657.1606457664
1212,"L5 IT",0.435665042489946,15374.5960755597,8928.68366597342
1213,"L4",0.397353911479871,8957.51395390825,12039.8995567935
1214,"L2/3 IT",0.510744009591301,15493.1668237678,15520.7515198955
1215,"L5 PT",0.8400284449151,10199.2708092713,9773.68894678885
1216,"L4",0.61703214048258,792.844462706562,11149.5245618246
1217,"L5 IT",0.374625844849028,9399.88329709407,8341.48390572295
1218,"L5 IT",0.639729767318187,12660.1478079804,10304.4783099026
1219,"L6 PT",0.886091488121806,14299.5082463713,7317.78609681621
1220,"L4",0.743480648467637,15266.4494617023,12576.402217609
1221,"L5 PT",0.819285899424357,13075.1991923418,9269.84142879226
1222,"L4",0.549096809721967,3472.13151476283,12230.6421150633
1224,"L6b",0.539850655806096,15278.232447055,4522.78277342818
1225,"Pvalb",0.405268660799135,14625.2733812559,7609.95103658889
1226,"L2/3 IT",0.55484018827461,17670.0535878731,15464.5816317219
1228,"Macrophage",0.356298157510366,6181.21328156017,17478.2370236588
1229,"L2/3 IT",0.729496766240658,822.535889578385,18020.1261506435
1230,"L5 IT",0.624811536340406,15696.3716740304,10807.8152530177
1231,"L4",0.344898816914946,7066.78921146916,15063.0357302641
1232,"L6 IT",0.571572542078115,253.860655356484,5690.41834863714
1233,"Lamp5",0.2488909937125,1962.66514707591,5606.0757552662
1234,"L6 PT",0.784433150652929,8224.48241862401,5541.43034231086
1235,"L2/3 IT",0.55446132003904,4934.99806607056,17355.2704619091
1236,"Pvalb",0.797252462414244,6954.26893465553,5583.82962295557
1237,"Lamp5",0.943845110544766,10710.3591612286,20389.4637999071
1238,"L2/3 IT",0.38085832756044,4260.67055388727,13784.6112498344
1240,"L4",0.305723359320897,3152.87806120148,9971.68258502703
1242,"L5 PT",0.870996576051964,14516.4111698736,9929.55566809311
1243,"L4",0.223893660383363,17305.0123815265,11975.7920050421
1244,"L4",0.585918020499295,5661.22418854427,13452.6352402774
1245,"L2/3 IT",0.817944744145311,1286.81290216591,16956.5712682151
1246,"L2/3 IT",0.362915271110564,11852.1757325173,14491.5944471078
1247,"L6 IT",0.8067907887273,9090.62261763223,6699.43292947413
1248,"L2/3 IT",0.832809144640456,2554.59446693886,17754.9244540663
1249,"Vip",0.417202418068334,2091.84013569868,13894.3461683331
1250,"L5 IT",0.660196088749552,15590.0796086281,10696.77295554
1251,"Pvalb",0.731161128416018,9691.69094538039,17244.6665860406
1252,"L5 IT",0.382536879518944,11496.1108287066,12876.5117504512
1253,"L5 PT",0.795033499488405,8793.43443872935,10432.0698980956
1254,"L5 IT",0.2427720870375,7055.97737633641,8752.0253334826
1255,"L2/3 IT",0.719166343958346,17301.5509210403,17451.1029104877
1256,"L4",0.649657673872248,15340.9668068468,12843.219499995
1257,"L5 PT",0.600857466064492,12532.277718287,268.181625002804
1258,"L4",0.79244928679136,4176.99915342862,12649.3279331814
1259,"L6 PT",0.380428401825276,11251.6477496334,7907.63888315251
1260,"L5 IT",0.684848408020596,4567.47548744689,11454.6559345623
1261,"L4",0.748334497006287,16487.9382557858,12786.7492967755
1262,"L4",0.830736867884944,8527.37257189113,13016.0532495651
1263,"L5 IT",0.863669015533832,7024.64567026575,7607.5284684176
1264,"L2/3 IT",0.546520209496781,5009.25709648178,17563.1718066129
1265,"Pvalb",0.713909528015455,15382.6287105532,10829.4392431193
1266,"L4",0.733766661725578,334.756874936401,11354.4463689083
1269,"L5 PT",0.407509118917408,15867.3716761918,8869.63481298374
1270,"L5 IT",0.773289980740826,2799.4387974795,9785.22385849148
1272,"L4",0.543652323207254,1075.451092753,13509.0914881148
1273,"L6b",0.423879038753862,10676.7128185936,6563.92099481892
1274,"L4",0.542846586875786,11808.3654371815,15992.1352241518
1275,"L2/3 IT",0.595348873830125,8583.88202217563,14954.6867874552
1276,"L5 IT",0.626197792491055,6556.75673407275,11683.4845430453
1277,"Lamp5",0.815533157114339,5027.50668003298,3637.23562246858
1278,"L2/3 IT",0.594671158553816,5148.72699356962,14547.4257490243
1279,"L4",0.595200342584831,6564.35340175705,13062.8692788958
1282,"L6 PT",0.572542549640553,13263.9837123078,5488.37384305153
1283,"L6b",0.381843325714798,10323.4687022221,6556.63540726892
1284,"L2/3 IT",0.563816660872534,15731.252391722,16055.8809282371
1285,"Pvalb",0.749527652829287,11861.961305118,9117.00251771103
1287,"Pvalb",0.741487150223462,13420.406435638,6184.33372843431
1288,"L6 IT",0.816210370502626,304.494026126138,5380.48869380018
1290,"Lamp5",0.629347955466251,6905.73411009932,19411.6904095688
1291,"L5 PT",0.511698055885573,8674.90508843354,8653.85257684393
1292,"L6 IT",0.429545865406317,13166.4170931611,4286.24973827079
1293,"L4",0.641783832333808,17102.7443028091,12965.3757283961
1294,"L2/3 IT",0.758214057132567,13802.4206666103,16501.7552466732
1295,"L4",0.614219238167158,6355.79100979877,13163.0564621376
1296,"Sst",0.755108957640227,14336.511545755,9621.51060479873
1297,"L2/3 IT",0.674810590560101,5412.1630319703,16473.5129708597
1298,"L4",0.642321267216777,3684.05958605518,13201.3637799058
1299,"L5 IT",0.419198838070855,11911.9787652125,12984.4086192789
1300,"L2/3 IT",0.619975582918364,16148.531736348,15970.1318624443
1301,"L5 PT",0.884791884017606,10036.7030410778,9972.03769900015
1302,"Pvalb",0.832611733199902,13795.9661492994,7434.88797931973
1303,"L5 PT",0.843272466499091,16806.8942610504,8358.55862978961
1304,"L6 IT",0.764647250657223,6722.19196196526,5833.53925862846
1305,"L4",0.586735287401758,17449.3894063528,13206.7525952337
1306,"L5 IT",0.2358637943,10601.0600926909,10816.154773551
1307,"L4",0.61817426170409,11554.8200169389,12296.5634979218
1308,"Pvalb",0.787684921994623,4308.88456914875,11384.9721564961
1309,"L4",0.785227470633878,10922.8622930334,13189.186740843
1311,"L6 PT",0.380731754733363,5368.5112300322,4498.85039796437
1312,"L2/3 IT",0.759904596460032,935.793556786801,17623.8557736701
1313,"Pvalb",0.759332148638801,574.195971578073,3074.62048694711
1315,"L5 NP",0.448866130903803,6637.18024246655,8886.67150470628
1316,"L4",0.842952652063158,9007.46658169498,12880.9429615765
1317,"L6 IT",0.700008691347711,12748.0595289512,6440.38486208384
1318,"L2/3 IT",0.709578633281504,12950.8709370036,15601.4310905504
1319,"L6 PT",0.573263486017368,14455.7805270455,4551.60699606185
1320,"L5 IT",0.821240495506426,12760.9965592776,11375.1084627991
1321,"L2/3 IT",0.715374086343651,14936.664373318,15030.4918174114
1322,"Vip",0.632214350026575,13305.9021805003,12398.3081298524
1323,"Vip",0.729828813377507,13536.4342498531,9179.78936175818
1324,"L4",0.779902826435794,11375.7290530147,13128.2155750221
1325,"L6 PT",0.788923829699195,15773.0599725769,5669.91235895348
1326,"L5 PT",0.444125164137318,12992.1516496931,8755.82697120504
1327,"L5 IT",0.664534744026196,12971.5664273382,11971.7220386385
1328,"L6 PT",0.811335894919166,7765.67991054223,4853.64449931144
1329,"L5 IT",0.583220933458096,4836.15597904145,10311.4145638106
1330,"L5 IT",0.569372452624664,16708.1485460627,11719.8441797662
1331,"Sst",0.730201056907382,6394.19047287537,469.027980853748
1332,"L6 IT",0.764474874964625,14531.9390932973,6272.8500145363
1333,"L5 PT",0.604259687872166,12808.6705840542,8761.94647084896
1334,"L4",0.769239996219453,2854.39181126427,11441.4936552657
1335,"L4",0.827451277107061,7170.07348411516,13021.7483335203
1336,"L6 PT",0.809866404284276,5153.48211611717,5346.01916855878
1337,"L6 IT",0.555254221418076,13897.9434674286,6592.33475368598
1338,"Pvalb",0.751912437989746,7679.47328971927,13538.8797503649
1339,"L4",0.596632187598952,15389.430636663,13528.6485874853
1340,"L4",0.387838694926077,7266.31366300994,13787.8204282036
1341,"Pvalb",0.811276692757511,4562.24756027399,4545.09877987096
1342,"L6 PT",0.6522564140153,10572.9062725081,6758.28043586188
1343,"L4",0.856759849566671,13310.4158349862,13845.7532231635
1344,"Sst",0.541212863553157,5113.6405925984,6524.30772735177
1345,"L6 PT",0.661509788400497,10616.4615967885,7112.52310734065
1346,"L6 PT",0.635483818776617,1128.97754431972,4453.81526827328
1347,"L4",0.762355458207295,3206.89185097689,11899.8632929923
1348,"L2/3 IT",0.611580436851917,10657.9998377174,18336.8500899061
1349,"L5 PT",0.584240578455481,10339.8145532545,10696.9851319943
1350,"L5 IT",0.880791420547422,9494.25498367112,11610.0346165209
1351,"L5 PT",0.81155063131019,10161.2293958335,9379.25812235012
1352,"L5 IT",0.445602469544792,8546.87555957876,15698.7261622058
1353,"L5 PT",0.472105449061706,12625.9798983846,8764.15585237076
1354,"L5 PT",0.389216156697093,8251.92123467549,9989.54541972651
1355,"L4",0.381937534828238,8548.23270220808,13901.5331509127
1356,"Sst",0.88375733954505,17482.9264107234,11416.3828764101
1357,"Sst",0.875064371843317,8835.82625639456,17372.0188035546
1358,"L6 IT",0.932876801496651,8667.4924016824,5119.1531008618
1359,"L2/3 IT",0.658579000348106,8344.73361958237,14743.5865631587
1360,"L6 IT",0.651280733457479,8637.30105180887,5456.88693219837
1362,"L5 IT",0.734984726343277,17414.6927814199,10943.7020333823
1363,"L6 PT",0.438616620678086,1181.81094030224,5769.88244780231
1364,"L4",0.369100301977832,16301.2526948365,12347.0117496425
1365,"L6 PT",0.402313430661493,13479.4661075925,7246.12966754045
1366,"L2/3 IT",0.742506890103076,8339.87133940237,16525.9078245527
1367,"L5 IT",0.394304119336233,12325.9635248885,7661.76669628801
1368,"L5 PT",0.813187663651346,9255.14968477717,9859.09887208096
1369,"L6b",0.416236155712961,13132.3074391775,5485.04312509827
1370,"L5 IT",0.56675730300159,15777.8750022418,13744.949564099
1371,"L5 IT",0.846486930093088,9030.68941498233,12474.8082161637
1372,"L5 PT",0.347443256064946,3133.25870620092,9498.48200618885
1373,"L4",0.31423048188619,14414.8373857824,12961.9775087715
1374,"L2/3 IT",0.580159989587273,6413.79036421068,16034.4020191169
1375,"L2/3 IT",0.331116177352446,2864.30712415235,17954.6438309113
1377,"L5 IT",0.386356159377446,11286.6965900868,11536.3161015471
1378,"L2/3 IT",0.542266199429621,14344.5945360879,14829.5593430054
1379,"Sst",0.697020845412825,251.305423088994,2356.97134254611
1380,"L2/3 IT",0.551305133167941,11681.7096860029,17010.2590572567
1381,"L6 PT",0.829325374132631,15294.6206979849,7193.05275535014
1382,"L2/3 IT",0.567027082046683,4927.00768739523,17988.8388739722
1383,"L2/3 IT",0.707716345961793,8396.0732199269,17506.6285715789
1384,"L5 PT",0.405947834471924,14142.7293693387,9991.47631390295
1385,"L5 PT",0.446213295435511,7119.51189011768,9798.38856055209
1386,"L6 PT",0.735401981957497,10774.8736926388,6626.09283200554
1387,"Sst",0.83042103876162,1036.5480675453,10314.9833647021
1388,"L5 PT",0.670696400719113,3452.245140303,8842.15325200058
1389,"L5 IT",0.572457887545726,11620.6639089671,12791.4566630044
1390,"L4",0.713120085816894,5274.981980615,13788.5965755681
1392,"Sst",0.834550319742075,592.141353168437,5382.99461410235
1393,"L6 IT",0.605249628331844,14315.0306698101,7760.30453402984
1394,"L6b",0.434238389697022,8775.1824469941,15089.5928218972
1395,"L5 IT",0.572703814255522,8897.45022445307,8451.69157303204
1396,"L5 PT",0.807345702342792,9395.7472091709,9388.00308411335
1397,"Pvalb",0.824373516996575,8110.68653074599,15829.982582651
1398,"Pvalb",0.752964894809189,13777.6073274253,291.924280447162
1399,"L4",0.655971030163674,3634.85107083966,11073.2074052523
1403,"L6 IT",0.327571647464946,5063.46392720395,7063.50268885717
1407,"L2/3 IT",0.331422757668944,14984.7214599428,10661.3948160197
1411,"L5 IT",0.395561186264822,1843.95185859499,11153.1111966234
1414,"L6 PT",0.25,14332.5897138987,6295.29061685131
1430,"L4",0.552330112966653,5386.6809271361,11717.588004724
1431,"L2/3 IT",0.330288139589946,10091.5509942183,19296.5600873797
1443,"L2/3 IT",0.357937656569651,3506.77184037697,11670.1866479641
1463,"L2/3 IT",0.36893188307955,7529.87252999048,13143.8750999217
1466,"L4",0.610720181620629,4280.47528061233,12641.2284861581
1469,"L6 IT",0.818199633817336,4919.18298148521,7049.58123950723
1473,"L6 PT",0.78064238194653,3198.05148577614,3813.72351412025
1480,"L2/3 IT",0.38237847387368,7624.08001968232,15448.7085332178
1484,"L4",0.342487041727446,14264.6263842106,13057.2683672614
1495,"L4",0.586709997774354,6976.10533994959,11732.0700188576
1498,"L4",0.587291453618792,2491.15393257152,13828.5144886244
